{
  "id": 107,
  "mode": "voronoi",
  "trackSize": 4,
  "fitness": {
    "length": 1013.518555,
    "deltaX": -0.156006,
    "deltaY": -2.070007,
    "deltaAngleDegrees": 2.862118,
    "speed_entropy": 0,
    "acceleration_entropy": 0,
    "braking_entropy": 0,
    "positions_mean": 0,
    "avg_radius_mean": 185.98398980978257,
    "gaps_mean": 0,
    "right_bends": 31,
    "avg_radius_var": 50340.68063579797,
    "total_overtakes": 5,
    "straight_sections": 28,
    "gaps_var": 0,
    "left_bends": 28,
    "positions_var": 0.6666666666666666,
    "curvature_entropy": 0
  },
  "dataSet": [
    {
      "x": 506.14836579188704,
      "y": 64.49271021410823,
      "voronoiId": 7
    },
    {
      "x": 428.7435128353536,
      "y": 61.796642281115055,
      "voronoiId": 6
    },
    {
      "x": 468.1460201740265,
      "y": 452.4748338852078,
      "voronoiId": 37
    },
    {
      "x": 67.27302619256079,
      "y": 273.520875396207,
      "voronoiId": 22
    },
    {
      "x": 409.3008080497384,
      "y": 85.45273575000465,
      "voronoiId": 13
    },
    {
      "x": 330.32560874707997,
      "y": 132.9815507400781,
      "voronoiId": 15
    },
    {
      "x": 474.9507324770093,
      "y": 325.9957487694919,
      "voronoiId": 26
    },
    {
      "x": 197.96929392032325,
      "y": 75.19224090501666,
      "voronoiId": 12
    },
    {
      "x": 222.19177116639912,
      "y": 496.12497012130916,
      "voronoiId": 41
    },
    {
      "x": 23.67073860950768,
      "y": 574.087334331125,
      "voronoiId": 48
    },
    {
      "x": 536.4877717103809,
      "y": 440.276063606143,
      "voronoiId": 33
    },
    {
      "x": 457.90454749949276,
      "y": 146.61210849881172,
      "voronoiId": 17
    },
    {
      "x": 585.6663575861603,
      "y": 10.041704820469022,
      "voronoiId": 1
    },
    {
      "x": 204.23134448938072,
      "y": 594.5865584537387,
      "voronoiId": 49
    },
    {
      "x": 21.71419900842011,
      "y": 445.1613140758127,
      "voronoiId": 34
    },
    {
      "x": 234.63707962073386,
      "y": 65.78933503478765,
      "voronoiId": 8
    },
    {
      "x": 165.82279354333878,
      "y": 66.79762462154031,
      "voronoiId": 9
    },
    {
      "x": 539.0570959076285,
      "y": 22.096234699711204,
      "voronoiId": 2
    },
    {
      "x": 516.8465292546898,
      "y": 45.05966641008854,
      "voronoiId": 4
    },
    {
      "x": 546.5135887730867,
      "y": 357.6145108323544,
      "voronoiId": 27
    },
    {
      "x": 555.8420341461897,
      "y": 536.3296940457076,
      "voronoiId": 44
    },
    {
      "x": 258.0890256911516,
      "y": 276.63365942426026,
      "voronoiId": 23
    },
    {
      "x": 105.19476346671581,
      "y": 71.86880595982075,
      "voronoiId": 11
    },
    {
      "x": 550.890189036727,
      "y": 469.9974778108299,
      "voronoiId": 39
    },
    {
      "x": 197.48022300191224,
      "y": 4.141590418294072,
      "voronoiId": 0
    },
    {
      "x": 454.7590486239642,
      "y": 536.3883842714131,
      "voronoiId": 45
    },
    {
      "x": 512.1371024753898,
      "y": 361.7067966610193,
      "voronoiId": 28
    },
    {
      "x": 463.91054070554674,
      "y": 137.14574170298874,
      "voronoiId": 16
    },
    {
      "x": 242.71066733635962,
      "y": 179.62695937603712,
      "voronoiId": 19
    },
    {
      "x": 582.2558209765702,
      "y": 97.5835454184562,
      "voronoiId": 14
    },
    {
      "x": 153.80053441040218,
      "y": 383.2190902903676,
      "voronoiId": 31
    },
    {
      "x": 349.63907143101096,
      "y": 396.04116207920015,
      "voronoiId": 32
    },
    {
      "x": 394.8707546107471,
      "y": 317.91551504284143,
      "voronoiId": 24
    },
    {
      "x": 140.38044945336878,
      "y": 70.49613953568041,
      "voronoiId": 10
    },
    {
      "x": 90.16099493019283,
      "y": 223.06901891715825,
      "voronoiId": 21
    },
    {
      "x": 74.87063594162464,
      "y": 53.30912503413856,
      "voronoiId": 5
    },
    {
      "x": 59.70277413725853,
      "y": 542.1989378985018,
      "voronoiId": 46
    },
    {
      "x": 45.01374224200845,
      "y": 450.81964270211756,
      "voronoiId": 36
    },
    {
      "x": 444.2961593158543,
      "y": 499.0733818151057,
      "voronoiId": 42
    },
    {
      "x": 346.6637359466404,
      "y": 174.59480222314596,
      "voronoiId": 18
    },
    {
      "x": 149.48273696936667,
      "y": 190.23474245332181,
      "voronoiId": 20
    },
    {
      "x": 497.69604317843914,
      "y": 322.5568962749094,
      "voronoiId": 25
    },
    {
      "x": 406.5431212540716,
      "y": 454.1503510437906,
      "voronoiId": 38
    },
    {
      "x": 184.20993187464774,
      "y": 447.7538294624537,
      "voronoiId": 35
    },
    {
      "x": 386.3048685248941,
      "y": 477.91752638295293,
      "voronoiId": 40
    },
    {
      "x": 572.1927269361913,
      "y": 529.1145959403366,
      "voronoiId": 43
    },
    {
      "x": 337.1542427223176,
      "y": 23.408832913264632,
      "voronoiId": 3
    },
    {
      "x": 524.6167061850429,
      "y": 363.3511430583894,
      "voronoiId": 29
    },
    {
      "x": 428.0300611630082,
      "y": 562.71957680583,
      "voronoiId": 47
    },
    {
      "x": 421.7709935735911,
      "y": 369.2778843920678,
      "voronoiId": 30
    }
  ],
  "selectedCells": [
    {
      "x": 258.0890256911516,
      "y": 276.63365942426026
    },
    {
      "x": 153.80053441040218,
      "y": 383.2190902903676
    },
    {
      "x": 45.01374224200845,
      "y": 450.81964270211756
    },
    {
      "x": 67.27302619256079,
      "y": 273.520875396207
    }
  ],
  "splineVector": [
    {
      "x": 0.039933009198022694,
      "y": 0.7796280550482888
    },
    {
      "x": 0.04442489063381045,
      "y": 0.7631394254240655
    },
    {
      "x": 0.04958423420402493,
      "y": 0.7468465197168777
    },
    {
      "x": 0.05512936217616898,
      "y": 0.7306802549730951
    },
    {
      "x": 0.06080443750047035,
      "y": 0.7145588799416236
    },
    {
      "x": 0.06645283935271423,
      "y": 0.6984281495563783
    },
    {
      "x": 0.07200161134722625,
      "y": 0.6822628839452389
    },
    {
      "x": 0.07743460228811878,
      "y": 0.6660583325479467
    },
    {
      "x": 0.08256408255449828,
      "y": 0.6497566844217522
    },
    {
      "x": 0.08705568934730487,
      "y": 0.6332670748576273
    },
    {
      "x": 0.09052065493610138,
      "y": 0.6165803907069649
    },
    {
      "x": 0.088349420227545,
      "y": 0.599798478900105
    },
    {
      "x": 0.07824105951298183,
      "y": 0.5862069527131688
    },
    {
      "x": 0.06244384235528195,
      "y": 0.5800611149865201
    },
    {
      "x": 0.045895359416201265,
      "y": 0.5758187328850866
    },
    {
      "x": 0.02888325223619707,
      "y": 0.574393584362797
    },
    {
      "x": 0.011823686857545614,
      "y": 0.5734392102800826
    },
    {
      "x": -0.0031572618432448517,
      "y": 0.5658921776525437
    },
    {
      "x": -0.018776948078909502,
      "y": 0.5674464129981084
    },
    {
      "x": -0.03186990419417609,
      "y": 0.5783972421291828
    },
    {
      "x": -0.039020145540865796,
      "y": 0.5934807484309826
    },
    {
      "x": -0.03775318698254659,
      "y": 0.6104737317532818
    },
    {
      "x": -0.03365590930456741,
      "y": 0.627059433374553
    },
    {
      "x": -0.032533991028246924,
      "y": 0.6439953039026588
    },
    {
      "x": -0.036381959138826754,
      "y": 0.6606352710350426
    },
    {
      "x": -0.040737005743045535,
      "y": 0.67713044136244
    },
    {
      "x": -0.04229082456113155,
      "y": 0.6941351302842323
    },
    {
      "x": -0.04125177543006858,
      "y": 0.7111872794383253
    },
    {
      "x": -0.03894497655158574,
      "y": 0.7280757968186807
    },
    {
      "x": -0.031203075202852048,
      "y": 0.7431963929342309
    },
    {
      "x": -0.017513528146946913,
      "y": 0.7532763046003021
    },
    {
      "x": -0.0024496916224921407,
      "y": 0.7613355853366551
    },
    {
      "x": 0.01292534087817907,
      "y": 0.7687992325549782
    },
    {
      "x": 0.028540094044075346,
      "y": 0.7757440382616122
    },
    {
      "x": 0.04430674159297897,
      "y": 0.7823407600898166
    },
    {
      "x": 0.06013511938546636,
      "y": 0.7887877439438077
    },
    {
      "x": 0.07622483386252134,
      "y": 0.794542908087002
    },
    {
      "x": 0.09249492569705021,
      "y": 0.7997724139982538
    },
    {
      "x": 0.1089743372667706,
      "y": 0.8043000558755192
    },
    {
      "x": 0.1255977302650558,
      "y": 0.8082660835328249
    },
    {
      "x": 0.1423677098015233,
      "y": 0.8115605383886323
    },
    {
      "x": 0.15916392884945696,
      "y": 0.8147216671706673
    },
    {
      "x": 0.17596544930949612,
      "y": 0.8178544986077682
    },
    {
      "x": 0.19278174457458655,
      "y": 0.8209047655124604
    },
    {
      "x": 0.2096878485319583,
      "y": 0.8234102065102489
    },
    {
      "x": 0.22661737455099573,
      "y": 0.8257544586339453
    },
    {
      "x": 0.24356396974649863,
      "y": 0.8279720751150801
    },
    {
      "x": 0.26056471113674745,
      "y": 0.8297175284941449
    },
    {
      "x": 0.2776327570536263,
      "y": 0.8296949624164112
    },
    {
      "x": 0.29447385797478165,
      "y": 0.8269299204858593
    },
    {
      "x": 0.31037303103783975,
      "y": 0.8207423724811586
    },
    {
      "x": 0.3244848683683466,
      "y": 0.8111805322201551
    },
    {
      "x": 0.335676702353695,
      "y": 0.7983159758692551
    },
    {
      "x": 0.3446105705376507,
      "y": 0.7837564038861896
    },
    {
      "x": 0.35152606526849384,
      "y": 0.7681501219866813
    },
    {
      "x": 0.3572509882222969,
      "y": 0.7520479998077202
    },
    {
      "x": 0.3619050404852186,
      "y": 0.7356063971047474
    },
    {
      "x": 0.36576507744562087,
      "y": 0.7189580326675853
    },
    {
      "x": 0.369238621612538,
      "y": 0.7022238772086641
    },
    {
      "x": 0.372390335545165,
      "y": 0.6854260788107577
    },
    {
      "x": 0.3753612835881023,
      "y": 0.6685952959584237
    },
    {
      "x": 0.37849802662823173,
      "y": 0.6517951250182645
    },
    {
      "x": 0.38228437977188046,
      "y": 0.6351311480304233
    },
    {
      "x": 0.388413062465188,
      "y": 0.6193201237731946
    },
    {
      "x": 0.4004226665011619,
      "y": 0.6076400508930594
    },
    {
      "x": 0.41594346221368345,
      "y": 0.6136437698933886
    },
    {
      "x": 0.4251264876696785,
      "y": 0.6276650687301769
    },
    {
      "x": 0.4196419985405765,
      "y": 0.6431878287094716
    },
    {
      "x": 0.4058296066996764,
      "y": 0.6530231756377756
    },
    {
      "x": 0.38995996622539275,
      "y": 0.6593458256354435
    },
    {
      "x": 0.3737294594415213,
      "y": 0.6646997099624338
    },
    {
      "x": 0.35747897544678836,
      "y": 0.6699927410752982
    },
    {
      "x": 0.3414016633806566,
      "y": 0.6757898997329103
    },
    {
      "x": 0.32529851300968743,
      "y": 0.6815165259302578
    },
    {
      "x": 0.30918262036846356,
      "y": 0.6872072067271116
    },
    {
      "x": 0.29307408660383266,
      "y": 0.6929186736600805
    },
    {
      "x": 0.27693806637532764,
      "y": 0.6985520034919214
    },
    {
      "x": 0.26079179038393996,
      "y": 0.704155634509408
    },
    {
      "x": 0.24473086480946166,
      "y": 0.709999224683006
    },
    {
      "x": 0.22881806919722164,
      "y": 0.7162334705433381
    },
    {
      "x": 0.21309512772095876,
      "y": 0.7229327304627512
    },
    {
      "x": 0.19771510155495953,
      "y": 0.7303826541896642
    },
    {
      "x": 0.18461261960506975,
      "y": 0.7411598899028052
    },
    {
      "x": 0.17982141749537658,
      "y": 0.7569965269567929
    },
    {
      "x": 0.18468850791121943,
      "y": 0.7732171412627157
    },
    {
      "x": 0.19074383017083307,
      "y": 0.7880495929221247
    },
    {
      "x": 0.18074716074720246,
      "y": 0.801759298184125
    },
    {
      "x": 0.16849913542338257,
      "y": 0.8136751812576076
    },
    {
      "x": 0.15570291150257937,
      "y": 0.8250028329926714
    },
    {
      "x": 0.14181835517015814,
      "y": 0.8348830449715476
    },
    {
      "x": 0.12527482214981245,
      "y": 0.8390410895604886
    },
    {
      "x": 0.10858995377115063,
      "y": 0.8427418212190628
    },
    {
      "x": 0.09191785108883556,
      "y": 0.8464867621054055
    },
    {
      "x": 0.07498998044663686,
      "y": 0.8487817312238043
    },
    {
      "x": 0.05793950230525205,
      "y": 0.8488989341969678
    },
    {
      "x": 0.04190364307749746,
      "y": 0.8437303624789126
    },
    {
      "x": 0.03247669305647176,
      "y": 0.8297126365680325
    },
    {
      "x": 0.03187363250695957,
      "y": 0.8128338887365529
    },
    {
      "x": 0.035593847915402696,
      "y": 0.7961590902965184
    },
    {
      "x": 0.039933009198022694,
      "y": 0.7796280550482888
    }
  ]
}