{
  "id": 1181,
  "mode": "voronoi",
  "trackSize": 6,
  "fitness": {
    "length": 1385.630615,
    "deltaX": 3.935379,
    "deltaY": -1.426331,
    "deltaAngleDegrees": -1.920885,
    "speed_entropy": 0,
    "acceleration_entropy": 0,
    "braking_entropy": 0,
    "positions_mean": 0,
    "avg_radius_mean": 161.3269351924722,
    "gaps_mean": 0,
    "right_bends": 51,
    "avg_radius_var": 40698.81486786898,
    "total_overtakes": 66,
    "straight_sections": 41,
    "gaps_var": 0,
    "left_bends": 52,
    "positions_var": 2.0000000000000004,
    "curvature_entropy": 0
  },
  "dataSet": [
    {
      "x": 156.92615057341754,
      "y": 302.229540143162,
      "voronoiId": 27
    },
    {
      "x": 9.102956531569362,
      "y": 456.81769656948745,
      "voronoiId": 41
    },
    {
      "x": 493.19192580878735,
      "y": 299.0439201705158,
      "voronoiId": 26
    },
    {
      "x": 110.03933921456337,
      "y": 66.72923527657986,
      "voronoiId": 9
    },
    {
      "x": 326.38172074221075,
      "y": 173.58104372397065,
      "voronoiId": 18
    },
    {
      "x": 270.998259074986,
      "y": 536.0240138601512,
      "voronoiId": 47
    },
    {
      "x": 480.8727092575282,
      "y": 327.6978780515492,
      "voronoiId": 30
    },
    {
      "x": 332.45840817689896,
      "y": 312.9797493573278,
      "voronoiId": 28
    },
    {
      "x": 62.18404811806977,
      "y": 372.58030883967876,
      "voronoiId": 35
    },
    {
      "x": 450.12791818007827,
      "y": 380.374051630497,
      "voronoiId": 38
    },
    {
      "x": 104.63140024803579,
      "y": 108.83570644073188,
      "voronoiId": 15
    },
    {
      "x": 401.19757228530943,
      "y": 517.5686425063759,
      "voronoiId": 46
    },
    {
      "x": 208.2349411211908,
      "y": 488.95027502439916,
      "voronoiId": 43
    },
    {
      "x": 558.0387757625431,
      "y": 324.2638409603387,
      "voronoiId": 29
    },
    {
      "x": 264.40316908992827,
      "y": 267.1353074256331,
      "voronoiId": 24
    },
    {
      "x": 496.3142054155469,
      "y": 380.3500040899962,
      "voronoiId": 37
    },
    {
      "x": 27.417207369580865,
      "y": 348.43126335181296,
      "voronoiId": 32
    },
    {
      "x": 502.4464993737638,
      "y": 100.39053219370544,
      "voronoiId": 13
    },
    {
      "x": 19.25927479751408,
      "y": 93.67332514375448,
      "voronoiId": 12
    },
    {
      "x": 552.6118000969291,
      "y": 50.32708737999201,
      "voronoiId": 7
    },
    {
      "x": 180.13973669148982,
      "y": 392.9885592777282,
      "voronoiId": 39
    },
    {
      "x": 298.9895196631551,
      "y": 498.7381601706147,
      "voronoiId": 45
    },
    {
      "x": 397.2268356475979,
      "y": 540.110106440261,
      "voronoiId": 48
    },
    {
      "x": 386.7467114701867,
      "y": 341.52999026700854,
      "voronoiId": 31
    },
    {
      "x": 563.1180495489389,
      "y": 105.0958220846951,
      "voronoiId": 14
    },
    {
      "x": 447.5004401989281,
      "y": 74.20681715011597,
      "voronoiId": 10
    },
    {
      "x": 520.4836467280984,
      "y": 373.2884271070361,
      "voronoiId": 36
    },
    {
      "x": 473.03498298861086,
      "y": 494.3948514293879,
      "voronoiId": 44
    },
    {
      "x": 432.63920811004937,
      "y": 418.9651055261493,
      "voronoiId": 40
    },
    {
      "x": 352.87928036414087,
      "y": 240.85286459885538,
      "voronoiId": 21
    },
    {
      "x": 354.56830356270075,
      "y": 65.30560618266463,
      "voronoiId": 8
    },
    {
      "x": 445.0285366270691,
      "y": 92.01287850737572,
      "voronoiId": 11
    },
    {
      "x": 352.98297638073564,
      "y": 243.35390981286764,
      "voronoiId": 22
    },
    {
      "x": 525.4050166346133,
      "y": 359.7788354381919,
      "voronoiId": 33
    },
    {
      "x": 328.73897845856845,
      "y": 23.707118583843112,
      "voronoiId": 3
    },
    {
      "x": 243.8329752534628,
      "y": 268.3393130544573,
      "voronoiId": 25
    },
    {
      "x": 333.9676860719919,
      "y": 360.53772289305925,
      "voronoiId": 34
    },
    {
      "x": 172.5366580300033,
      "y": 37.05861568450928,
      "voronoiId": 5
    },
    {
      "x": 562.3369570355862,
      "y": 3.0407989863306284,
      "voronoiId": 0
    },
    {
      "x": 445.93575624749064,
      "y": 110.49500391818583,
      "voronoiId": 16
    },
    {
      "x": 254.02482636272907,
      "y": 19.26322588697076,
      "voronoiId": 2
    },
    {
      "x": 459.7175999544561,
      "y": 33.84232297539711,
      "voronoiId": 4
    },
    {
      "x": 514.6547071170062,
      "y": 261.0605196096003,
      "voronoiId": 23
    },
    {
      "x": 322.8098179679364,
      "y": 456.95598875172436,
      "voronoiId": 42
    },
    {
      "x": 564.4263403024524,
      "y": 4.971772246062756,
      "voronoiId": 1
    },
    {
      "x": 167.51387561671436,
      "y": 546.2264177855104,
      "voronoiId": 49
    },
    {
      "x": 553.0038566328585,
      "y": 155.28348991647363,
      "voronoiId": 17
    },
    {
      "x": 478.35204605944455,
      "y": 233.94970642402768,
      "voronoiId": 20
    },
    {
      "x": 203.8347145076841,
      "y": 195.34335318021476,
      "voronoiId": 19
    },
    {
      "x": 530.2280031144619,
      "y": 38.532070722430944,
      "voronoiId": 6
    }
  ],
  "selectedCells": [
    {
      "x": 332.45840817689896,
      "y": 312.9797493573278
    },
    {
      "x": 352.98297638073564,
      "y": 243.35390981286764
    },
    {
      "x": 386.7467114701867,
      "y": 341.52999026700854
    },
    {
      "x": 478.35204605944455,
      "y": 233.94970642402768
    },
    {
      "x": 445.93575624749064,
      "y": 110.49500391818583
    },
    {
      "x": 326.38172074221075,
      "y": 173.58104372397065
    }
  ],
  "splineVector": [
    {
      "x": 0.7413336819369655,
      "y": 0.1587855361101556
    },
    {
      "x": 0.764659623255384,
      "y": 0.15933276121907264
    },
    {
      "x": 0.786674391774194,
      "y": 0.1662420601435927
    },
    {
      "x": 0.8007350482798161,
      "y": 0.18401040101935917
    },
    {
      "x": 0.8055891540494782,
      "y": 0.2067848833598849
    },
    {
      "x": 0.807466491583416,
      "y": 0.23005355594091315
    },
    {
      "x": 0.8055419452343292,
      "y": 0.2532369941585613
    },
    {
      "x": 0.8100475357405943,
      "y": 0.2757806080850979
    },
    {
      "x": 0.8277994259772045,
      "y": 0.2905961362966625
    },
    {
      "x": 0.8478191142020648,
      "y": 0.30257277923302917
    },
    {
      "x": 0.8659577861758023,
      "y": 0.31722571086070567
    },
    {
      "x": 0.8781496578487712,
      "y": 0.3368513149365146
    },
    {
      "x": 0.875171188028878,
      "y": 0.3596775203622736
    },
    {
      "x": 0.8637972025656446,
      "y": 0.3800403441628374
    },
    {
      "x": 0.8499981449705228,
      "y": 0.3988615759994545
    },
    {
      "x": 0.8347373679559529,
      "y": 0.41652248064515285
    },
    {
      "x": 0.81824350159602,
      "y": 0.4330378241238016
    },
    {
      "x": 0.7999202509142356,
      "y": 0.44743759806942035
    },
    {
      "x": 0.7786266888827084,
      "y": 0.45683100005178867
    },
    {
      "x": 0.7557952857597245,
      "y": 0.4616027683218412
    },
    {
      "x": 0.7325729652912121,
      "y": 0.46397292792209016
    },
    {
      "x": 0.7093137056086093,
      "y": 0.4647334239065751
    },
    {
      "x": 0.6999355255999559,
      "y": 0.4848316554588386
    },
    {
      "x": 0.7096239043727248,
      "y": 0.5057938430493022
    },
    {
      "x": 0.7220152092953218,
      "y": 0.5252541573424382
    },
    {
      "x": 0.7247728705970372,
      "y": 0.548307551881164
    },
    {
      "x": 0.7195463196218747,
      "y": 0.5709598187881477
    },
    {
      "x": 0.7091089107936378,
      "y": 0.5918176774534138
    },
    {
      "x": 0.6963277225642632,
      "y": 0.6113459353187221
    },
    {
      "x": 0.682138866663636,
      "y": 0.6298808792735072
    },
    {
      "x": 0.667046708427495,
      "y": 0.6476903704786119
    },
    {
      "x": 0.6508559847411436,
      "y": 0.6642657308574378
    },
    {
      "x": 0.6304063650724401,
      "y": 0.6635473391309639
    },
    {
      "x": 0.6218751173789827,
      "y": 0.6419422183575053
    },
    {
      "x": 0.6176127479924625,
      "y": 0.6189914502795619
    },
    {
      "x": 0.6133380477928546,
      "y": 0.5960465903657595
    },
    {
      "x": 0.6053766119795652,
      "y": 0.5741754833427414
    },
    {
      "x": 0.5881024074174391,
      "y": 0.5591945324091983
    },
    {
      "x": 0.565170557676439,
      "y": 0.5558951156501841
    },
    {
      "x": 0.5419291663166431,
      "y": 0.5580101493240108
    },
    {
      "x": 0.5188574587182938,
      "y": 0.5615666495626029
    },
    {
      "x": 0.4958676243476151,
      "y": 0.5656277708811585
    },
    {
      "x": 0.4728050897766479,
      "y": 0.5692486018582448
    },
    {
      "x": 0.44955484374118904,
      "y": 0.5691354710932094
    },
    {
      "x": 0.4441106620867984,
      "y": 0.5493408974894596
    },
    {
      "x": 0.4566915637370475,
      "y": 0.5299122037207248
    },
    {
      "x": 0.4713560941605412,
      "y": 0.511748832616574
    },
    {
      "x": 0.48647965688595163,
      "y": 0.4939635997531072
    },
    {
      "x": 0.501592776321111,
      "y": 0.47617051367524255
    },
    {
      "x": 0.5158773250019908,
      "y": 0.4578099977346611
    },
    {
      "x": 0.51749603194036,
      "y": 0.4358137017597169
    },
    {
      "x": 0.5063218918965761,
      "y": 0.4153415510248214
    },
    {
      "x": 0.507100021494893,
      "y": 0.3926036373567704
    },
    {
      "x": 0.5281740277403358,
      "y": 0.384719071643063
    },
    {
      "x": 0.5501329703102684,
      "y": 0.39219112930997874
    },
    {
      "x": 0.5710156981053082,
      "y": 0.4026000408447222
    },
    {
      "x": 0.5937787232327087,
      "y": 0.4073661060243722
    },
    {
      "x": 0.6170981845560113,
      "y": 0.40687719535968275
    },
    {
      "x": 0.6404389866069704,
      "y": 0.40643352777690933
    },
    {
      "x": 0.6637671995566745,
      "y": 0.40562884414788736
    },
    {
      "x": 0.6866729295267242,
      "y": 0.4014956577204335
    },
    {
      "x": 0.7034389105073592,
      "y": 0.38645677118282845
    },
    {
      "x": 0.7046918581671535,
      "y": 0.3634092434292676
    },
    {
      "x": 0.6985369530742106,
      "y": 0.3409104722406687
    },
    {
      "x": 0.6926352907908205,
      "y": 0.3183870580454614
    },
    {
      "x": 0.682489558584102,
      "y": 0.2995019196038075
    },
    {
      "x": 0.6595866969462358,
      "y": 0.29721103093160417
    },
    {
      "x": 0.6383351116296401,
      "y": 0.30617376696929566
    },
    {
      "x": 0.6211697325667265,
      "y": 0.3219872251667087
    },
    {
      "x": 0.6016411482744383,
      "y": 0.3345596265854105
    },
    {
      "x": 0.5799946337095315,
      "y": 0.343287204888472
    },
    {
      "x": 0.5583288503170983,
      "y": 0.3519833090102243
    },
    {
      "x": 0.5365991533298227,
      "y": 0.3605152787679552
    },
    {
      "x": 0.5144361378703622,
      "y": 0.36783556649707483
    },
    {
      "x": 0.49185419510639794,
      "y": 0.37361628346849646
    },
    {
      "x": 0.4690928541969135,
      "y": 0.37025026262727423
    },
    {
      "x": 0.4534115287583053,
      "y": 0.3533022634159253
    },
    {
      "x": 0.44494230131749035,
      "y": 0.33155727907656674
    },
    {
      "x": 0.4382032946634417,
      "y": 0.3092114651306935
    },
    {
      "x": 0.43292726767698647,
      "y": 0.2864715919871128
    },
    {
      "x": 0.42848091357066803,
      "y": 0.26355411948081325
    },
    {
      "x": 0.4247900600669175,
      "y": 0.24050278699152183
    },
    {
      "x": 0.42193745773035085,
      "y": 0.21733356017613584
    },
    {
      "x": 0.4201469647934263,
      "y": 0.1940701193129615
    },
    {
      "x": 0.4285848905852587,
      "y": 0.17306569375287917
    },
    {
      "x": 0.45075583658541946,
      "y": 0.16869734169311826
    },
    {
      "x": 0.47351884641594194,
      "y": 0.17384313884190625
    },
    {
      "x": 0.49615371929173535,
      "y": 0.1795511377365031
    },
    {
      "x": 0.5185426086760271,
      "y": 0.18616465425183434
    },
    {
      "x": 0.5408651545426153,
      "y": 0.1930012601072489
    },
    {
      "x": 0.5631832459914962,
      "y": 0.19985212614291337
    },
    {
      "x": 0.5855931203535412,
      "y": 0.2063962749770285
    },
    {
      "x": 0.6081096376979142,
      "y": 0.21255926394530533
    },
    {
      "x": 0.6311137293629967,
      "y": 0.21504758891260584
    },
    {
      "x": 0.6447361073188486,
      "y": 0.19928037396096182
    },
    {
      "x": 0.65067841150982,
      "y": 0.1772319874025054
    },
    {
      "x": 0.6720249915824853,
      "y": 0.16811488178267053
    },
    {
      "x": 0.6949055057854114,
      "y": 0.1635408020668201
    },
    {
      "x": 0.7180613194106392,
      "y": 0.16057128900850026
    },
    {
      "x": 0.7413336819369655,
      "y": 0.1587855361101556
    }
  ]
}