{
  "id": 126,
  "mode": "voronoi",
  "trackSize": 7,
  "fitness": {
    "length": 1764.380859,
    "deltaX": -2.693512,
    "deltaY": 10.441681,
    "deltaAngleDegrees": 2.659331,
    "speed_entropy": 0,
    "acceleration_entropy": 0,
    "braking_entropy": 0,
    "positions_mean": 0,
    "avg_radius_mean": 173.07158421850082,
    "gaps_mean": 0,
    "right_bends": 62,
    "avg_radius_var": 55449.94274122584,
    "total_overtakes": 14,
    "straight_sections": 56,
    "gaps_var": 0,
    "left_bends": 62,
    "positions_var": 2.0000000000000004,
    "curvature_entropy": 3.3674963595953624
  },
  "dataSet": [
    {
      "x": 246.85420445166528,
      "y": 215.83305727690458,
      "voronoiId": 17
    },
    {
      "x": 278.8633896969259,
      "y": 481.59335777163506,
      "voronoiId": 40
    },
    {
      "x": 40.20982473157346,
      "y": 541.6673985309899,
      "voronoiId": 47
    },
    {
      "x": 449.39191066659987,
      "y": 37.826258316636086,
      "voronoiId": 3
    },
    {
      "x": 455.8155432343483,
      "y": 246.89856693148613,
      "voronoiId": 21
    },
    {
      "x": 477.33800313435495,
      "y": 367.05357022583485,
      "voronoiId": 36
    },
    {
      "x": 271.859987732023,
      "y": 183.65817801095545,
      "voronoiId": 15
    },
    {
      "x": 362.80605741776526,
      "y": 353.0585750006139,
      "voronoiId": 35
    },
    {
      "x": 207.92905194684863,
      "y": 299.22067816369236,
      "voronoiId": 25
    },
    {
      "x": 84.93239474482834,
      "y": 114.45699320174754,
      "voronoiId": 11
    },
    {
      "x": 440.1548882480711,
      "y": 509.35739767737687,
      "voronoiId": 42
    },
    {
      "x": 310.84487177431583,
      "y": 330.35604734905064,
      "voronoiId": 31
    },
    {
      "x": 598.1348651926965,
      "y": 257.0012139156461,
      "voronoiId": 22
    },
    {
      "x": 392.6725015975535,
      "y": 11.457668943330646,
      "voronoiId": 2
    },
    {
      "x": 562.3645983170718,
      "y": 518.694164045155,
      "voronoiId": 43
    },
    {
      "x": 107.40218963474035,
      "y": 326.0649015661329,
      "voronoiId": 30
    },
    {
      "x": 342.8631142247468,
      "y": 8.77802143804729,
      "voronoiId": 1
    },
    {
      "x": 264.69918927177787,
      "y": 61.532728001475334,
      "voronoiId": 6
    },
    {
      "x": 452.14962931349874,
      "y": 347.5535069592297,
      "voronoiId": 34
    },
    {
      "x": 53.79318566992879,
      "y": 598.5376234631985,
      "voronoiId": 49
    },
    {
      "x": 69.96289193630219,
      "y": 325.2507219091058,
      "voronoiId": 29
    },
    {
      "x": 36.229138216003776,
      "y": 113.61824157647789,
      "voronoiId": 10
    },
    {
      "x": 94.7573118377477,
      "y": 78.58738023787737,
      "voronoiId": 7
    },
    {
      "x": 345.21042611449957,
      "y": 89.0303264837712,
      "voronoiId": 8
    },
    {
      "x": 429.459520149976,
      "y": 590.5059775337577,
      "voronoiId": 48
    },
    {
      "x": 303.2243052497506,
      "y": 481.3103331718594,
      "voronoiId": 39
    },
    {
      "x": 132.5518770609051,
      "y": 382.8958581201732,
      "voronoiId": 37
    },
    {
      "x": 64.11292422562838,
      "y": 275.81819146871567,
      "voronoiId": 23
    },
    {
      "x": 509.8471733741462,
      "y": 492.9008383769542,
      "voronoiId": 41
    },
    {
      "x": 86.2166556995362,
      "y": 232.00344862416387,
      "voronoiId": 19
    },
    {
      "x": 216.93022842518985,
      "y": 519.7507637087256,
      "voronoiId": 44
    },
    {
      "x": 61.318784672766924,
      "y": 526.1660207994282,
      "voronoiId": 45
    },
    {
      "x": 567.7585994359106,
      "y": 161.7072788067162,
      "voronoiId": 12
    },
    {
      "x": 569.6087573189288,
      "y": 229.42177006043494,
      "voronoiId": 18
    },
    {
      "x": 51.21249812655151,
      "y": 91.62855804897845,
      "voronoiId": 9
    },
    {
      "x": 121.98483617976308,
      "y": 58.480649907141924,
      "voronoiId": 5
    },
    {
      "x": 65.55394758470356,
      "y": 40.806826343759894,
      "voronoiId": 4
    },
    {
      "x": 208.15053074620664,
      "y": 193.400601670146,
      "voronoiId": 16
    },
    {
      "x": 149.47876017540693,
      "y": 167.99933770671487,
      "voronoiId": 13
    },
    {
      "x": 41.178111266344786,
      "y": 404.54871361143887,
      "voronoiId": 38
    },
    {
      "x": 366.79433109238744,
      "y": 343.55284133926034,
      "voronoiId": 33
    },
    {
      "x": 66.80956995114684,
      "y": 528.0887644272298,
      "voronoiId": 46
    },
    {
      "x": 321.6846370138228,
      "y": 302.25035618059337,
      "voronoiId": 28
    },
    {
      "x": 455.17034246586263,
      "y": 332.73613317869604,
      "voronoiId": 32
    },
    {
      "x": 232.9078797250986,
      "y": 240.09214960969985,
      "voronoiId": 20
    },
    {
      "x": 473.0874214321375,
      "y": 4.802367137745023,
      "voronoiId": 0
    },
    {
      "x": 503.8309085648507,
      "y": 301.1938188225031,
      "voronoiId": 27
    },
    {
      "x": 218.62801825627685,
      "y": 177.7620144188404,
      "voronoiId": 14
    },
    {
      "x": 138.25344596989453,
      "y": 289.624221296981,
      "voronoiId": 24
    },
    {
      "x": 562.1834801975638,
      "y": 299.5615937747061,
      "voronoiId": 26
    }
  ],
  "selectedCells": [
    {
      "x": 321.6846370138228,
      "y": 302.25035618059337
    },
    {
      "x": 207.92905194684863,
      "y": 299.22067816369236
    },
    {
      "x": 132.5518770609051,
      "y": 382.8958581201732
    },
    {
      "x": 66.80956995114684,
      "y": 528.0887644272298
    },
    {
      "x": 216.93022842518985,
      "y": 519.7507637087256
    },
    {
      "x": 53.79318566992879,
      "y": 598.5376234631985
    },
    {
      "x": 40.20982473157346,
      "y": 541.6673985309899
    }
  ],
  "splineVector": [
    {
      "x": 0.02238821876417936,
      "y": 1.0015053029345584
    },
    {
      "x": -0.007234363098159971,
      "y": 0.999519148727836
    },
    {
      "x": -0.02235762462581863,
      "y": 0.9763066913015807
    },
    {
      "x": -0.008517811088606773,
      "y": 0.9504685839946877
    },
    {
      "x": 0.0013450048927663523,
      "y": 0.9232531793128269
    },
    {
      "x": -0.0005097192204737342,
      "y": 0.8935974064022288
    },
    {
      "x": -0.0006854844302317147,
      "y": 0.8638760728933998
    },
    {
      "x": -0.0006940955271012415,
      "y": 0.8341540529515451
    },
    {
      "x": -0.0007469055361398248,
      "y": 0.8044325560607064
    },
    {
      "x": 0.0017706086759508271,
      "y": 0.7750219144764484
    },
    {
      "x": 0.023636706304130374,
      "y": 0.7571812848540901
    },
    {
      "x": 0.050060449066631096,
      "y": 0.7679415232690422
    },
    {
      "x": 0.06246671032882249,
      "y": 0.7947301056362877
    },
    {
      "x": 0.07083574654715212,
      "y": 0.8232092542424662
    },
    {
      "x": 0.06952399217588381,
      "y": 0.8524862953955086
    },
    {
      "x": 0.06539153951528534,
      "y": 0.8809150889391875
    },
    {
      "x": 0.08593105305562694,
      "y": 0.9010112019184539
    },
    {
      "x": 0.11026358636211891,
      "y": 0.8914695501045526
    },
    {
      "x": 0.12038113107858212,
      "y": 0.8636199164096545
    },
    {
      "x": 0.1278221437632518,
      "y": 0.8348469821468204
    },
    {
      "x": 0.1348914236924445,
      "y": 0.8059791184915369
    },
    {
      "x": 0.14174233527317087,
      "y": 0.7776619497478058
    },
    {
      "x": 0.16532943120478596,
      "y": 0.7596875878214379
    },
    {
      "x": 0.1675408106483729,
      "y": 0.7315888426449195
    },
    {
      "x": 0.1571452877882574,
      "y": 0.7037560792669741
    },
    {
      "x": 0.14960889726287457,
      "y": 0.6750104267949776
    },
    {
      "x": 0.14088661389324875,
      "y": 0.6466064427229371
    },
    {
      "x": 0.14494393322731014,
      "y": 0.6186702400817073
    },
    {
      "x": 0.16999347897380143,
      "y": 0.6030514677639992
    },
    {
      "x": 0.19724726985733726,
      "y": 0.5911929806082836
    },
    {
      "x": 0.22413547896072156,
      "y": 0.5785522410016427
    },
    {
      "x": 0.25252823659053175,
      "y": 0.5708359900351493
    },
    {
      "x": 0.27747848016565185,
      "y": 0.5572956698909953
    },
    {
      "x": 0.2804311697725159,
      "y": 0.5280504701316454
    },
    {
      "x": 0.2800615184991293,
      "y": 0.49833447376887935
    },
    {
      "x": 0.28118468014920933,
      "y": 0.46863804146924865
    },
    {
      "x": 0.28550346061598675,
      "y": 0.4392865123316893
    },
    {
      "x": 0.30549713748905544,
      "y": 0.41990225891125355
    },
    {
      "x": 0.33410343324637415,
      "y": 0.42618869168226653
    },
    {
      "x": 0.360347062009686,
      "y": 0.44012681599151265
    },
    {
      "x": 0.38601082824060656,
      "y": 0.4551188066637967
    },
    {
      "x": 0.4117166924140874,
      "y": 0.4700369528046573
    },
    {
      "x": 0.4395122898888665,
      "y": 0.47966770897353067
    },
    {
      "x": 0.46437960245872645,
      "y": 0.4661482817944419
    },
    {
      "x": 0.47475539940482037,
      "y": 0.43841269341887645
    },
    {
      "x": 0.49095595199255804,
      "y": 0.41381472500219263
    },
    {
      "x": 0.5146850470986095,
      "y": 0.3960609587448924
    },
    {
      "x": 0.5402115802921098,
      "y": 0.38083621963306064
    },
    {
      "x": 0.5656846167787433,
      "y": 0.36552656710173587
    },
    {
      "x": 0.5939004340826466,
      "y": 0.35806038615240154
    },
    {
      "x": 0.6203965111790627,
      "y": 0.37032820072738454
    },
    {
      "x": 0.6363074085947727,
      "y": 0.39518556179794645
    },
    {
      "x": 0.645698173666905,
      "y": 0.42335620178274475
    },
    {
      "x": 0.6481585920168302,
      "y": 0.45276673873929796
    },
    {
      "x": 0.6388689998416865,
      "y": 0.4807997911468524
    },
    {
      "x": 0.6224163165870605,
      "y": 0.5055148703821559
    },
    {
      "x": 0.6015599207926468,
      "y": 0.5266202584882551
    },
    {
      "x": 0.5762096769005366,
      "y": 0.541754979628043
    },
    {
      "x": 0.5470844754555995,
      "y": 0.5393060115343155
    },
    {
      "x": 0.5209439270468204,
      "y": 0.5252617232142952
    },
    {
      "x": 0.49593684335228033,
      "y": 0.5092175799736431
    },
    {
      "x": 0.47044198001472726,
      "y": 0.49442423723338386
    },
    {
      "x": 0.4421543483401479,
      "y": 0.5011825258165903
    },
    {
      "x": 0.4225687868758106,
      "y": 0.5229254315719614
    },
    {
      "x": 0.4139113672859074,
      "y": 0.5512744298929767
    },
    {
      "x": 0.4078778848664609,
      "y": 0.580377322184495
    },
    {
      "x": 0.402354724981429,
      "y": 0.6095814495662795
    },
    {
      "x": 0.3972671112734908,
      "y": 0.6388581478830029
    },
    {
      "x": 0.38187988836773534,
      "y": 0.6619464141505899
    },
    {
      "x": 0.3554157596357329,
      "y": 0.6753924224262966
    },
    {
      "x": 0.33968269024452113,
      "y": 0.6988041069410106
    },
    {
      "x": 0.3456772110842034,
      "y": 0.727633915670551
    },
    {
      "x": 0.35902532508155255,
      "y": 0.7541791827488877
    },
    {
      "x": 0.37397350631397863,
      "y": 0.7798658510881308
    },
    {
      "x": 0.3896681114826568,
      "y": 0.8051060379376827
    },
    {
      "x": 0.4057264018888114,
      "y": 0.8301164418187723
    },
    {
      "x": 0.4220569995410817,
      "y": 0.8549502639915932
    },
    {
      "x": 0.43848087069247826,
      "y": 0.8797225496108043
    },
    {
      "x": 0.45498393284210703,
      "y": 0.9044421286636292
    },
    {
      "x": 0.4711441405063816,
      "y": 0.929386097294384
    },
    {
      "x": 0.48712583991578545,
      "y": 0.9544425397737857
    },
    {
      "x": 0.5058918525919199,
      "y": 0.9774227241246474
    },
    {
      "x": 0.5128510313109845,
      "y": 1.0045407112213551
    },
    {
      "x": 0.4934727710059841,
      "y": 1.0258223716367596
    },
    {
      "x": 0.4650810540681824,
      "y": 1.0183871729023863
    },
    {
      "x": 0.43787750817146387,
      "y": 1.0064728848095843
    },
    {
      "x": 0.4087009066334295,
      "y": 1.001231242923266
    },
    {
      "x": 0.3790028024828907,
      "y": 1.0020717092031288
    },
    {
      "x": 0.34928688635143945,
      "y": 1.00168801791634
    },
    {
      "x": 0.3195759795440928,
      "y": 1.0008734212461061
    },
    {
      "x": 0.2898591752175171,
      "y": 1.0003085571417831
    },
    {
      "x": 0.26013868985784494,
      "y": 1.000009093381106
    },
    {
      "x": 0.23041703038368883,
      "y": 1.0001462189736976
    },
    {
      "x": 0.20069737430071613,
      "y": 1.0005352715138374
    },
    {
      "x": 0.1709791939985396,
      "y": 1.0010240479013612
    },
    {
      "x": 0.14126124579238483,
      "y": 1.0015276397985249
    },
    {
      "x": 0.11154235728408357,
      "y": 1.0019719922544632
    },
    {
      "x": 0.08182164897430193,
      "y": 1.0022592379651798
    },
    {
      "x": 0.05209963960649051,
      "y": 1.0022502835834741
    },
    {
      "x": 0.02238821876417936,
      "y": 1.0015053029345584
    }
  ]
}