{
  "id": 1325,
  "mode": "voronoi",
  "trackSize": 6,
  "fitness": {
    "length": 1246.119141,
    "deltaX": 18.375565,
    "deltaY": -0.611389,
    "deltaAngleDegrees": -14.21222,
    "speed_entropy": 0,
    "acceleration_entropy": 0,
    "braking_entropy": 0,
    "positions_mean": 0,
    "avg_radius_mean": 240.5482544374343,
    "gaps_mean": 0,
    "right_bends": 43,
    "avg_radius_var": 63881.328930199285,
    "total_overtakes": 32,
    "straight_sections": 48,
    "gaps_var": 0,
    "left_bends": 52,
    "positions_var": 0,
    "curvature_entropy": 1.7356600547433698
  },
  "dataSet": [
    {
      "x": 538.6874243617058,
      "y": 202.9183394741267,
      "voronoiId": 16
    },
    {
      "x": 396.45212567411363,
      "y": 225.75209559872746,
      "voronoiId": 19
    },
    {
      "x": 312.9216623492539,
      "y": 527.791698044166,
      "voronoiId": 44
    },
    {
      "x": 287.67909784801304,
      "y": 153.0244717374444,
      "voronoiId": 12
    },
    {
      "x": 99.65779334306717,
      "y": 20.800753450021148,
      "voronoiId": 1
    },
    {
      "x": 153.18053551018238,
      "y": 327.2848221939057,
      "voronoiId": 31
    },
    {
      "x": 467.1939818188548,
      "y": 182.1241121739149,
      "voronoiId": 15
    },
    {
      "x": 98.28343726694584,
      "y": 353.09699457138777,
      "voronoiId": 33
    },
    {
      "x": 296.09085749834776,
      "y": 270.53029127418995,
      "voronoiId": 25
    },
    {
      "x": 44.67616667971015,
      "y": 585.2589440066367,
      "voronoiId": 49
    },
    {
      "x": 108.0546508077532,
      "y": 12.729529850184917,
      "voronoiId": 0
    },
    {
      "x": 432.40485484711826,
      "y": 322.04589773900807,
      "voronoiId": 29
    },
    {
      "x": 581.138933217153,
      "y": 258.1937707029283,
      "voronoiId": 24
    },
    {
      "x": 559.7115011885762,
      "y": 57.2922280523926,
      "voronoiId": 6
    },
    {
      "x": 160.64231554046273,
      "y": 404.76031210273504,
      "voronoiId": 36
    },
    {
      "x": 258.86385650373995,
      "y": 332.2626390494406,
      "voronoiId": 32
    },
    {
      "x": 454.5244849752635,
      "y": 138.15074334852397,
      "voronoiId": 10
    },
    {
      "x": 94.20479899272323,
      "y": 539.3909862264991,
      "voronoiId": 46
    },
    {
      "x": 282.88811556994915,
      "y": 31.62761963903904,
      "voronoiId": 4
    },
    {
      "x": 23.085685819387436,
      "y": 215.42529501020908,
      "voronoiId": 17
    },
    {
      "x": 562.8519457764924,
      "y": 120.81698016263545,
      "voronoiId": 9
    },
    {
      "x": 348.64110136404634,
      "y": 281.1169082298875,
      "voronoiId": 26
    },
    {
      "x": 507.84450215287507,
      "y": 324.6748299803585,
      "voronoiId": 30
    },
    {
      "x": 488.98284095339477,
      "y": 566.7754406109452,
      "voronoiId": 47
    },
    {
      "x": 336.9526059832424,
      "y": 580.6270334869623,
      "voronoiId": 48
    },
    {
      "x": 16.062170220538974,
      "y": 412.1022014413029,
      "voronoiId": 37
    },
    {
      "x": 347.8597314096987,
      "y": 461.94068184122443,
      "voronoiId": 40
    },
    {
      "x": 36.52830747887492,
      "y": 380.94674362801015,
      "voronoiId": 34
    },
    {
      "x": 145.9951036144048,
      "y": 32.75177045725286,
      "voronoiId": 5
    },
    {
      "x": 65.91313672252,
      "y": 252.71445019170642,
      "voronoiId": 23
    },
    {
      "x": 480.47853712923825,
      "y": 287.3971049208194,
      "voronoiId": 27
    },
    {
      "x": 599.9166300985962,
      "y": 247.04553396441042,
      "voronoiId": 21
    },
    {
      "x": 593.3734696358442,
      "y": 220.40275926701725,
      "voronoiId": 18
    },
    {
      "x": 473.90794339589775,
      "y": 290.7759580761194,
      "voronoiId": 28
    },
    {
      "x": 207.2794761043042,
      "y": 536.9239877443761,
      "voronoiId": 45
    },
    {
      "x": 534.4051682855934,
      "y": 436.26093780621886,
      "voronoiId": 38
    },
    {
      "x": 552.9026035219431,
      "y": 92.04919086769223,
      "voronoiId": 7
    },
    {
      "x": 591.952315857634,
      "y": 248.94049144349992,
      "voronoiId": 22
    },
    {
      "x": 277.8065711259842,
      "y": 150.03297328948975,
      "voronoiId": 11
    },
    {
      "x": 440.87067008949816,
      "y": 458.7446157820523,
      "voronoiId": 39
    },
    {
      "x": 418.3535460848361,
      "y": 487.58839345537126,
      "voronoiId": 42
    },
    {
      "x": 329.62445891462266,
      "y": 393.0027480237186,
      "voronoiId": 35
    },
    {
      "x": 499.90233639255166,
      "y": 173.85717672295868,
      "voronoiId": 13
    },
    {
      "x": 75.03410903736949,
      "y": 23.18117176182568,
      "voronoiId": 2
    },
    {
      "x": 251.50708383880556,
      "y": 468.87748246081173,
      "voronoiId": 41
    },
    {
      "x": 42.959274630993605,
      "y": 25.34480458125472,
      "voronoiId": 3
    },
    {
      "x": 228.6593331489712,
      "y": 494.45823901332915,
      "voronoiId": 43
    },
    {
      "x": 381.73045199364424,
      "y": 178.9407237432897,
      "voronoiId": 14
    },
    {
      "x": 336.7029572837055,
      "y": 101.11833396367729,
      "voronoiId": 8
    },
    {
      "x": 596.6555925551802,
      "y": 236.95707600563765,
      "voronoiId": 20
    }
  ],
  "selectedCells": [
    {
      "x": 296.09085749834776,
      "y": 270.53029127418995
    },
    {
      "x": 153.18053551018238,
      "y": 327.2848221939057
    },
    {
      "x": 160.64231554046273,
      "y": 404.76031210273504
    },
    {
      "x": 65.91313672252,
      "y": 252.71445019170642
    },
    {
      "x": 36.52830747887492,
      "y": 380.94674362801015
    },
    {
      "x": 98.28343726694584,
      "y": 353.09699457138777
    }
  ],
  "splineVector": [
    {
      "x": 0.2536185595677193,
      "y": 0.8048254528475834
    },
    {
      "x": 0.23374080301941275,
      "y": 0.7991904181628231
    },
    {
      "x": 0.21506992265435682,
      "y": 0.7896009422922631
    },
    {
      "x": 0.19609920635153666,
      "y": 0.7806022670386071
    },
    {
      "x": 0.1772186853332835,
      "y": 0.771416784428178
    },
    {
      "x": 0.15838701722482174,
      "y": 0.7621598540760645
    },
    {
      "x": 0.15556815760707746,
      "y": 0.7461915768841039
    },
    {
      "x": 0.14771729945098244,
      "y": 0.7300969109831982
    },
    {
      "x": 0.13054139684904023,
      "y": 0.7180373955348947
    },
    {
      "x": 0.11234834851128964,
      "y": 0.7075629098193837
    },
    {
      "x": 0.09384526093468375,
      "y": 0.6976383550207814
    },
    {
      "x": 0.07535376272128642,
      "y": 0.6876929793901458
    },
    {
      "x": 0.057130825820760144,
      "y": 0.6772641947720093
    },
    {
      "x": 0.03929607796064061,
      "y": 0.6661867735953678
    },
    {
      "x": 0.02216440124232581,
      "y": 0.6540624689833665
    },
    {
      "x": 0.006792797058145117,
      "y": 0.6397813932186899
    },
    {
      "x": -0.005233592378708999,
      "y": 0.6227598541109626
    },
    {
      "x": -0.010242907040246404,
      "y": 0.6024218703867926
    },
    {
      "x": -0.010826365522774179,
      "y": 0.5814680867731571
    },
    {
      "x": -0.008542620090418366,
      "y": 0.5606047199558698
    },
    {
      "x": -0.004593100280240081,
      "y": 0.5399973786561623
    },
    {
      "x": -0.001398935789556568,
      "y": 0.5197056823216998
    },
    {
      "x": -0.00936246097424181,
      "y": 0.5004192049857021
    },
    {
      "x": -0.007083763268890589,
      "y": 0.48017684769988067
    },
    {
      "x": 0.005745005287119637,
      "y": 0.4635897403290568
    },
    {
      "x": 0.020100812804600864,
      "y": 0.44826773425865574
    },
    {
      "x": 0.03404133028158378,
      "y": 0.43257011041667187
    },
    {
      "x": 0.047417647640077824,
      "y": 0.4163864992753115
    },
    {
      "x": 0.06067960868220599,
      "y": 0.40010811293662407
    },
    {
      "x": 0.07406152956260328,
      "y": 0.38392829082675506
    },
    {
      "x": 0.08758457319859515,
      "y": 0.3678661759358087
    },
    {
      "x": 0.10119481944708036,
      "y": 0.35187785138357197
    },
    {
      "x": 0.11489739734723602,
      "y": 0.33596863533029325
    },
    {
      "x": 0.12872239342855635,
      "y": 0.32016569491074104
    },
    {
      "x": 0.14265467226276274,
      "y": 0.3044572673153038
    },
    {
      "x": 0.1567678159595128,
      "y": 0.28891120770005807
    },
    {
      "x": 0.17113332684478122,
      "y": 0.2735993910963824
    },
    {
      "x": 0.1858781475252001,
      "y": 0.2586526010591224
    },
    {
      "x": 0.20101551344063162,
      "y": 0.24411658488148658
    },
    {
      "x": 0.21958763955638277,
      "y": 0.23497611767653107
    },
    {
      "x": 0.23856744101793342,
      "y": 0.24154234357885854
    },
    {
      "x": 0.2498905984428295,
      "y": 0.25902273188747743
    },
    {
      "x": 0.2600719647925282,
      "y": 0.27738514689425714
    },
    {
      "x": 0.26959656599943144,
      "y": 0.2960927871679991
    },
    {
      "x": 0.27761309628546177,
      "y": 0.3154976501870068
    },
    {
      "x": 0.28560956103967444,
      "y": 0.3349110940741062
    },
    {
      "x": 0.2947120783425107,
      "y": 0.3538249120697545
    },
    {
      "x": 0.3084554774536341,
      "y": 0.3695057036797644
    },
    {
      "x": 0.32865927789643584,
      "y": 0.374090411614503
    },
    {
      "x": 0.349514637233097,
      "y": 0.37178823672774775
    },
    {
      "x": 0.3702151470841722,
      "y": 0.3682796335910279
    },
    {
      "x": 0.3908487093535155,
      "y": 0.3643909916708096
    },
    {
      "x": 0.4115082648077326,
      "y": 0.36064358503593175
    },
    {
      "x": 0.432245432254238,
      "y": 0.35735656376274577
    },
    {
      "x": 0.4530787570850377,
      "y": 0.35474995400732046
    },
    {
      "x": 0.4739621754673138,
      "y": 0.35257251773441717
    },
    {
      "x": 0.494866119534683,
      "y": 0.35060135736816544
    },
    {
      "x": 0.5157674115976546,
      "y": 0.34863089633584543
    },
    {
      "x": 0.5366534817897037,
      "y": 0.3493818456899993
    },
    {
      "x": 0.5525560321132263,
      "y": 0.3616448733773185
    },
    {
      "x": 0.5552869489100657,
      "y": 0.3821070832312071
    },
    {
      "x": 0.5534385212767191,
      "y": 0.40302025435386374
    },
    {
      "x": 0.5520819280697269,
      "y": 0.42397008010610243
    },
    {
      "x": 0.5507278919919587,
      "y": 0.44492294452343994
    },
    {
      "x": 0.548871789284092,
      "y": 0.4658368693362695
    },
    {
      "x": 0.5461253239274442,
      "y": 0.4866475108479457
    },
    {
      "x": 0.5416678279037074,
      "y": 0.5071600528286057
    },
    {
      "x": 0.5341033131631527,
      "y": 0.5265921237039336
    },
    {
      "x": 0.5169035509827469,
      "y": 0.5369054874544039
    },
    {
      "x": 0.4966715068874453,
      "y": 0.5323573320435274
    },
    {
      "x": 0.4788055918541125,
      "y": 0.5213955241398693
    },
    {
      "x": 0.4619689186921129,
      "y": 0.5088520563662943
    },
    {
      "x": 0.4454592825712976,
      "y": 0.4958799216678231
    },
    {
      "x": 0.4292458967131485,
      "y": 0.4825388544236627
    },
    {
      "x": 0.41296387745508756,
      "y": 0.4692819379736425
    },
    {
      "x": 0.3964244565878724,
      "y": 0.4563474166115099
    },
    {
      "x": 0.37951881012279587,
      "y": 0.44389738539628776
    },
    {
      "x": 0.3608022772284646,
      "y": 0.4345144983980608
    },
    {
      "x": 0.34194132548647305,
      "y": 0.44129108953526763
    },
    {
      "x": 0.3338659373560965,
      "y": 0.4601556671820457
    },
    {
      "x": 0.3314493326541348,
      "y": 0.4809882416093967
    },
    {
      "x": 0.33101184896784447,
      "y": 0.50197635380134
    },
    {
      "x": 0.33180091676347656,
      "y": 0.5229563790009624
    },
    {
      "x": 0.33340625573146127,
      "y": 0.5438901668035688
    },
    {
      "x": 0.3355577782838657,
      "y": 0.5647763299055238
    },
    {
      "x": 0.33796456203587616,
      "y": 0.5856346088395469
    },
    {
      "x": 0.3415605009364077,
      "y": 0.6063029614367006
    },
    {
      "x": 0.35115283923022816,
      "y": 0.6248825797971257
    },
    {
      "x": 0.36694187655479976,
      "y": 0.6386101376455916
    },
    {
      "x": 0.38209149283784016,
      "y": 0.6527471774883359
    },
    {
      "x": 0.3850684299744547,
      "y": 0.6731882581740006
    },
    {
      "x": 0.3768685195625798,
      "y": 0.6924002029462517
    },
    {
      "x": 0.36431026116314824,
      "y": 0.7092160997437386
    },
    {
      "x": 0.3503625134436777,
      "y": 0.7249089621926357
    },
    {
      "x": 0.33579443845335083,
      "y": 0.7400281004887715
    },
    {
      "x": 0.3204617300494488,
      "y": 0.7543659772045253
    },
    {
      "x": 0.3040713314860142,
      "y": 0.7674823656059611
    },
    {
      "x": 0.2870970239996489,
      "y": 0.779839160247842
    },
    {
      "x": 0.2698450561994556,
      "y": 0.7918016544900487
    },
    {
      "x": 0.2536185595677193,
      "y": 0.8048254528475834
    }
  ]
}