{
  "id": 1341,
  "mode": "voronoi",
  "trackSize": 6,
  "fitness": {
    "length": 1706.982666,
    "deltaX": 1.824478,
    "deltaY": 1.921173,
    "deltaAngleDegrees": -0.388265,
    "speed_entropy": 0,
    "acceleration_entropy": 0,
    "braking_entropy": 0,
    "positions_mean": 0,
    "avg_radius_mean": 160.14639488817892,
    "gaps_mean": 0,
    "right_bends": 51,
    "avg_radius_var": 47701.293873610244,
    "total_overtakes": 3,
    "straight_sections": 49,
    "gaps_var": 0,
    "left_bends": 45,
    "positions_var": 2.6666666666666665,
    "curvature_entropy": 0
  },
  "dataSet": [
    {
      "x": 195.07373054511845,
      "y": 201.96690140292048,
      "voronoiId": 13
    },
    {
      "x": 592.9416057653725,
      "y": 422.80424893833697,
      "voronoiId": 36
    },
    {
      "x": 447.77850355021656,
      "y": 587.4398353043944,
      "voronoiId": 49
    },
    {
      "x": 56.73389523290098,
      "y": 581.5931760706007,
      "voronoiId": 47
    },
    {
      "x": 269.89431506954134,
      "y": 28.17713152617216,
      "voronoiId": 3
    },
    {
      "x": 369.2307645455003,
      "y": 75.5609747953713,
      "voronoiId": 6
    },
    {
      "x": 187.33970909379423,
      "y": 267.1369078103453,
      "voronoiId": 20
    },
    {
      "x": 281.93983007222414,
      "y": 241.82603261433542,
      "voronoiId": 16
    },
    {
      "x": 374.8067567590624,
      "y": 344.3625317886472,
      "voronoiId": 27
    },
    {
      "x": 161.16871987469494,
      "y": 430.0185372121632,
      "voronoiId": 37
    },
    {
      "x": 101.81040409952402,
      "y": 380.2376907784492,
      "voronoiId": 29
    },
    {
      "x": 343.2344005443156,
      "y": 412.0297422632575,
      "voronoiId": 35
    },
    {
      "x": 183.35172599181533,
      "y": 258.5052865091711,
      "voronoiId": 19
    },
    {
      "x": 278.24493194930255,
      "y": 21.002452075481415,
      "voronoiId": 1
    },
    {
      "x": 139.0580480452627,
      "y": 551.3433986809105,
      "voronoiId": 44
    },
    {
      "x": 547.9922123719007,
      "y": 236.56557323411107,
      "voronoiId": 15
    },
    {
      "x": 555.1412617787719,
      "y": 283.36185277439654,
      "voronoiId": 24
    },
    {
      "x": 579.3006937019527,
      "y": 313.76089537516236,
      "voronoiId": 25
    },
    {
      "x": 502.64553842134774,
      "y": 523.8120550755411,
      "voronoiId": 42
    },
    {
      "x": 525.7237271871418,
      "y": 11.490890057757497,
      "voronoiId": 0
    },
    {
      "x": 523.3109369874,
      "y": 51.265081157907844,
      "voronoiId": 5
    },
    {
      "x": 594.0455440431833,
      "y": 564.9349843617529,
      "voronoiId": 46
    },
    {
      "x": 243.342896271497,
      "y": 227.72190584801137,
      "voronoiId": 14
    },
    {
      "x": 46.04473114013672,
      "y": 92.4895397387445,
      "voronoiId": 10
    },
    {
      "x": 219.54453606158495,
      "y": 555.5081244092435,
      "voronoiId": 45
    },
    {
      "x": 328.43203134834766,
      "y": 313.9083595946431,
      "voronoiId": 26
    },
    {
      "x": 257.9381431918591,
      "y": 245.88795765303075,
      "voronoiId": 17
    },
    {
      "x": 567.5141253042966,
      "y": 80.04054953344166,
      "voronoiId": 8
    },
    {
      "x": 241.98304284363985,
      "y": 77.65710046514869,
      "voronoiId": 7
    },
    {
      "x": 335.26195641607046,
      "y": 369.78940749540925,
      "voronoiId": 28
    },
    {
      "x": 420.07766822353005,
      "y": 583.2939719315618,
      "voronoiId": 48
    },
    {
      "x": 546.6675619594753,
      "y": 34.065482625737786,
      "voronoiId": 4
    },
    {
      "x": 420.3615368809551,
      "y": 392.91341761127114,
      "voronoiId": 31
    },
    {
      "x": 292.2800412867218,
      "y": 384.65673378668725,
      "voronoiId": 30
    },
    {
      "x": 428.1037365552038,
      "y": 133.4682653658092,
      "voronoiId": 12
    },
    {
      "x": 226.14319240674376,
      "y": 271.61191678605974,
      "voronoiId": 21
    },
    {
      "x": 29.309961246326566,
      "y": 520.8874478470534,
      "voronoiId": 41
    },
    {
      "x": 478.1246082857251,
      "y": 258.1635795067996,
      "voronoiId": 18
    },
    {
      "x": 300.54163676686585,
      "y": 277.80381669290364,
      "voronoiId": 22
    },
    {
      "x": 11.508868262171745,
      "y": 408.71113557368517,
      "voronoiId": 34
    },
    {
      "x": 97.49009124934673,
      "y": 397.838310431689,
      "voronoiId": 33
    },
    {
      "x": 350.9058119729161,
      "y": 477.1697336342186,
      "voronoiId": 40
    },
    {
      "x": 125.84050493314862,
      "y": 281.84296460822225,
      "voronoiId": 23
    },
    {
      "x": 424.65983354486525,
      "y": 108.13024649396539,
      "voronoiId": 11
    },
    {
      "x": 536.7114613763988,
      "y": 469.71320514567196,
      "voronoiId": 39
    },
    {
      "x": 40.85319950245321,
      "y": 24.414528580382466,
      "voronoiId": 2
    },
    {
      "x": 458.95906537771225,
      "y": 545.5828608479351,
      "voronoiId": 43
    },
    {
      "x": 380.16523788683116,
      "y": 80.55946240201592,
      "voronoiId": 9
    },
    {
      "x": 189.7046260535717,
      "y": 438.27407117933035,
      "voronoiId": 38
    },
    {
      "x": 313.56422966346145,
      "y": 394.37329885549843,
      "voronoiId": 32
    }
  ],
  "selectedCells": [
    {
      "x": 300.54163676686585,
      "y": 277.80381669290364
    },
    {
      "x": 226.14319240674376,
      "y": 271.61191678605974
    },
    {
      "x": 292.2800412867218,
      "y": 384.65673378668725
    },
    {
      "x": 243.342896271497,
      "y": 227.72190584801137
    },
    {
      "x": 183.35172599181533,
      "y": 258.5052865091711
    },
    {
      "x": 125.84050493314862,
      "y": 281.84296460822225
    }
  ],
  "splineVector": [
    {
      "x": 0.31301841141618475,
      "y": 0.41718288304140666
    },
    {
      "x": 0.33985045808168385,
      "y": 0.4196943207704954
    },
    {
      "x": 0.35065419638212253,
      "y": 0.4455637201961705
    },
    {
      "x": 0.34783062782023977,
      "y": 0.47412279645446875
    },
    {
      "x": 0.34322966992876536,
      "y": 0.5025097884408243
    },
    {
      "x": 0.3383504990575342,
      "y": 0.5308505129600133
    },
    {
      "x": 0.33224128536770126,
      "y": 0.5589378369208968
    },
    {
      "x": 0.33452218830994934,
      "y": 0.5866757125420825
    },
    {
      "x": 0.35783321126286993,
      "y": 0.6033963432091632
    },
    {
      "x": 0.3725022086913699,
      "y": 0.6274690111985701
    },
    {
      "x": 0.38591453466990555,
      "y": 0.6529057148574057
    },
    {
      "x": 0.3990835407516138,
      "y": 0.6784710598538938
    },
    {
      "x": 0.4121646042347111,
      "y": 0.7040815253371275
    },
    {
      "x": 0.42518681773676703,
      "y": 0.7297219652009439
    },
    {
      "x": 0.43846560739672585,
      "y": 0.7552293984338598
    },
    {
      "x": 0.4477035385000791,
      "y": 0.7816991271279625
    },
    {
      "x": 0.46446850226421843,
      "y": 0.799438921401345
    },
    {
      "x": 0.49137302034587926,
      "y": 0.7960487830049054
    },
    {
      "x": 0.5045620030058062,
      "y": 0.7712923531767217
    },
    {
      "x": 0.5088552996955019,
      "y": 0.742864239603618
    },
    {
      "x": 0.5092745435331718,
      "y": 0.7142078046782407
    },
    {
      "x": 0.4966346432036827,
      "y": 0.6891261916141059
    },
    {
      "x": 0.49950997303579353,
      "y": 0.661615282778888
    },
    {
      "x": 0.5129718815896643,
      "y": 0.6362083638361707
    },
    {
      "x": 0.5215338535983051,
      "y": 0.6088074786155476
    },
    {
      "x": 0.5140941131227036,
      "y": 0.5821734494645637
    },
    {
      "x": 0.48782651938150945,
      "y": 0.5721059095967238
    },
    {
      "x": 0.4602229462677589,
      "y": 0.5662611831709093
    },
    {
      "x": 0.4597982033564582,
      "y": 0.5404942171261896
    },
    {
      "x": 0.4815287564750953,
      "y": 0.5218986912062423
    },
    {
      "x": 0.5044205511363032,
      "y": 0.5044925282907644
    },
    {
      "x": 0.5275242030465818,
      "y": 0.48736904065771947
    },
    {
      "x": 0.5508195994076515,
      "y": 0.4705068988027092
    },
    {
      "x": 0.5741446494068435,
      "y": 0.4536857072131314
    },
    {
      "x": 0.5974446080124565,
      "y": 0.43682979258607835
    },
    {
      "x": 0.6204128314480064,
      "y": 0.4195298960221859
    },
    {
      "x": 0.6439713281517079,
      "y": 0.40319097113619523
    },
    {
      "x": 0.6489420936761143,
      "y": 0.37667635386388
    },
    {
      "x": 0.6260723064202091,
      "y": 0.36121148975625234
    },
    {
      "x": 0.5995349082894837,
      "y": 0.37182712666278855
    },
    {
      "x": 0.5740553703171802,
      "y": 0.38514905156308854
    },
    {
      "x": 0.5484384556232373,
      "y": 0.3982171672570807
    },
    {
      "x": 0.5229437902513823,
      "y": 0.4115223794516423
    },
    {
      "x": 0.49756777376277755,
      "y": 0.4250523452738122
    },
    {
      "x": 0.4722593552972546,
      "y": 0.438707274513017
    },
    {
      "x": 0.44836498821010484,
      "y": 0.4545034962794715
    },
    {
      "x": 0.43196004920388026,
      "y": 0.4769948331305545
    },
    {
      "x": 0.40817874052032244,
      "y": 0.4665175062448048
    },
    {
      "x": 0.3999737045918378,
      "y": 0.4393824239002968
    },
    {
      "x": 0.39422975793012444,
      "y": 0.41192175738305925
    },
    {
      "x": 0.41720178102226874,
      "y": 0.39526136842408766
    },
    {
      "x": 0.43992583680538916,
      "y": 0.37791844657021717
    },
    {
      "x": 0.4551661417422487,
      "y": 0.35364941726795374
    },
    {
      "x": 0.4668781994850206,
      "y": 0.3273863490108656
    },
    {
      "x": 0.47751021704506275,
      "y": 0.3006692441041851
    },
    {
      "x": 0.4867394843545385,
      "y": 0.273437751635197
    },
    {
      "x": 0.48242647119790993,
      "y": 0.24636855733307458
    },
    {
      "x": 0.4556151425737072,
      "y": 0.23882998303649433
    },
    {
      "x": 0.42860228436593867,
      "y": 0.24785528818201905
    },
    {
      "x": 0.410284833001095,
      "y": 0.26969925519690086
    },
    {
      "x": 0.39868525641958175,
      "y": 0.2959936976391976
    },
    {
      "x": 0.3884734438929161,
      "y": 0.3228770256037279
    },
    {
      "x": 0.3775317326850287,
      "y": 0.349467508845763
    },
    {
      "x": 0.3639583194350109,
      "y": 0.3747743093846095
    },
    {
      "x": 0.34210815246942045,
      "y": 0.3928199396115489
    },
    {
      "x": 0.3138018552511135,
      "y": 0.39576755456238955
    },
    {
      "x": 0.28570695110863126,
      "y": 0.3898559664664691
    },
    {
      "x": 0.2586490189713474,
      "y": 0.38014367903163687
    },
    {
      "x": 0.23205246590863082,
      "y": 0.36921113422410745
    },
    {
      "x": 0.20820123032810742,
      "y": 0.3534643517152617
    },
    {
      "x": 0.19161182405808475,
      "y": 0.3300678361522108
    },
    {
      "x": 0.17160611204468984,
      "y": 0.31028655963363205
    },
    {
      "x": 0.14334961915182418,
      "y": 0.3078122920191896
    },
    {
      "x": 0.11544742451071333,
      "y": 0.3147098413290458
    },
    {
      "x": 0.08820570568648312,
      "y": 0.3239030936042982
    },
    {
      "x": 0.06159959640204904,
      "y": 0.33480571178037305
    },
    {
      "x": 0.035760021520015325,
      "y": 0.3474133054382274
    },
    {
      "x": 0.011225353977222003,
      "y": 0.3623794554248159
    },
    {
      "x": -0.007710582163183977,
      "y": 0.3836838069288829
    },
    {
      "x": -0.013520583501933602,
      "y": 0.41157634372521246
    },
    {
      "x": -0.009829824648688434,
      "y": 0.4400148425402409
    },
    {
      "x": -0.0021504811172686085,
      "y": 0.4677273444353363
    },
    {
      "x": 0.008746428683252762,
      "y": 0.4939979925147727
    },
    {
      "x": 0.03189983784941162,
      "y": 0.5105691703096759
    },
    {
      "x": 0.05877982683018915,
      "y": 0.5207537143822598
    },
    {
      "x": 0.0860380494728911,
      "y": 0.529917891923675
    },
    {
      "x": 0.1134051373898201,
      "y": 0.5387521248334436
    },
    {
      "x": 0.14088964549980695,
      "y": 0.5472135342060984
    },
    {
      "x": 0.1685042685836289,
      "y": 0.5552402659818695
    },
    {
      "x": 0.19626562685201432,
      "y": 0.5627415948441231
    },
    {
      "x": 0.2242306035621253,
      "y": 0.5694426442914996
    },
    {
      "x": 0.25243975858767026,
      "y": 0.5750208985232877
    },
    {
      "x": 0.28030458734189195,
      "y": 0.5773887320432193
    },
    {
      "x": 0.29732897131484276,
      "y": 0.5559282691527709
    },
    {
      "x": 0.29075763598840243,
      "y": 0.5284325568560492
    },
    {
      "x": 0.27479605155131626,
      "y": 0.5045212692914127
    },
    {
      "x": 0.2631343065872575,
      "y": 0.478409834002011
    },
    {
      "x": 0.2668811994897767,
      "y": 0.4506607489080891
    },
    {
      "x": 0.28824738960724916,
      "y": 0.4316947082039814
    },
    {
      "x": 0.31301841141618475,
      "y": 0.41718288304140666
    }
  ]
}