{
  "id": 1350,
  "mode": "voronoi",
  "trackSize": 7,
  "fitness": {
    "length": 1084.048584,
    "deltaX": 2.218323,
    "deltaY": 1.398697,
    "deltaAngleDegrees": -0.241498,
    "speed_entropy": 0,
    "acceleration_entropy": 0,
    "braking_entropy": 0,
    "positions_mean": 0,
    "avg_radius_mean": 167.33682295154185,
    "gaps_mean": 0,
    "right_bends": 35,
    "avg_radius_var": 44306.58504732463,
    "total_overtakes": 3,
    "straight_sections": 34,
    "gaps_var": 0,
    "left_bends": 36,
    "positions_var": 0.6666666666666666,
    "curvature_entropy": 0
  },
  "dataSet": [
    {
      "x": 351.0033220052719,
      "y": 42.3875936307013,
      "voronoiId": 4
    },
    {
      "x": 495.40987643413246,
      "y": 237.5393564812839,
      "voronoiId": 21
    },
    {
      "x": 544.1250641830266,
      "y": 18.555454909801483,
      "voronoiId": 2
    },
    {
      "x": 382.2924196254462,
      "y": 205.2384024951607,
      "voronoiId": 16
    },
    {
      "x": 313.4170698467642,
      "y": 134.3019850552082,
      "voronoiId": 9
    },
    {
      "x": 247.14275090955198,
      "y": 166.65716660209,
      "voronoiId": 14
    },
    {
      "x": 269.871523976326,
      "y": 416.4351090788841,
      "voronoiId": 33
    },
    {
      "x": 429.4147867709398,
      "y": 404.61948006413877,
      "voronoiId": 31
    },
    {
      "x": 515.2500748168677,
      "y": 515.3895846102387,
      "voronoiId": 42
    },
    {
      "x": 484.8709990270436,
      "y": 151.43692698329687,
      "voronoiId": 12
    },
    {
      "x": 355.6155005469918,
      "y": 491.7849198449403,
      "voronoiId": 40
    },
    {
      "x": 582.7545470092446,
      "y": 450.0223587267101,
      "voronoiId": 37
    },
    {
      "x": 118.13273490406573,
      "y": 138.19136735983193,
      "voronoiId": 10
    },
    {
      "x": 116.66857721284032,
      "y": 235.72116494178772,
      "voronoiId": 20
    },
    {
      "x": 53.49068180657923,
      "y": 146.24018697068095,
      "voronoiId": 11
    },
    {
      "x": 181.77449321374297,
      "y": 596.3180271908641,
      "voronoiId": 48
    },
    {
      "x": 478.4612178336829,
      "y": 419.2823186516762,
      "voronoiId": 34
    },
    {
      "x": 242.16399542056024,
      "y": 543.4988320805132,
      "voronoiId": 44
    },
    {
      "x": 249.93528267368674,
      "y": 257.42165464907885,
      "voronoiId": 24
    },
    {
      "x": 153.75198586843908,
      "y": 384.9809900857508,
      "voronoiId": 27
    },
    {
      "x": 372.43026243522763,
      "y": 250.09523970074952,
      "voronoiId": 22
    },
    {
      "x": 453.1968465540558,
      "y": 61.87724182382226,
      "voronoiId": 6
    },
    {
      "x": 157.25380866788328,
      "y": 399.0512744989246,
      "voronoiId": 29
    },
    {
      "x": 52.43184347636998,
      "y": 599.138416768983,
      "voronoiId": 49
    },
    {
      "x": 408.8182382751256,
      "y": 488.8514079619199,
      "voronoiId": 39
    },
    {
      "x": 278.9377929177135,
      "y": 571.3793244212866,
      "voronoiId": 47
    },
    {
      "x": 470.29715557582676,
      "y": 166.4786827750504,
      "voronoiId": 13
    },
    {
      "x": 278.8890574593097,
      "y": 272.46972704306245,
      "voronoiId": 26
    },
    {
      "x": 305.7899571955204,
      "y": 229.33620773255825,
      "voronoiId": 19
    },
    {
      "x": 107.53844236023724,
      "y": 400.4111731890589,
      "voronoiId": 30
    },
    {
      "x": 556.3544393051416,
      "y": 0.15161032788455486,
      "voronoiId": 0
    },
    {
      "x": 225.93036093749106,
      "y": 443.26876625418663,
      "voronoiId": 36
    },
    {
      "x": 314.34554932639,
      "y": 554.221006622538,
      "voronoiId": 45
    },
    {
      "x": 439.0891680959612,
      "y": 10.663371859118342,
      "voronoiId": 1
    },
    {
      "x": 272.22404424101114,
      "y": 228.736972482875,
      "voronoiId": 18
    },
    {
      "x": 124.66586977243423,
      "y": 427.67741731368005,
      "voronoiId": 35
    },
    {
      "x": 572.5196805316955,
      "y": 195.29633880592883,
      "voronoiId": 15
    },
    {
      "x": 165.53328037261963,
      "y": 492.27591287344694,
      "voronoiId": 41
    },
    {
      "x": 439.0825097914785,
      "y": 465.12041450478137,
      "voronoiId": 38
    },
    {
      "x": 498.20731789804995,
      "y": 101.93747542798519,
      "voronoiId": 7
    },
    {
      "x": 598.8881985191256,
      "y": 56.427471712231636,
      "voronoiId": 5
    },
    {
      "x": 399.4093412999064,
      "y": 112.71198852919042,
      "voronoiId": 8
    },
    {
      "x": 500.7963575888425,
      "y": 555.254674796015,
      "voronoiId": 46
    },
    {
      "x": 191.1697186063975,
      "y": 392.64565939083695,
      "voronoiId": 28
    },
    {
      "x": 532.9795486293733,
      "y": 39.32657428085804,
      "voronoiId": 3
    },
    {
      "x": 174.4556900113821,
      "y": 210.30681123957038,
      "voronoiId": 17
    },
    {
      "x": 596.76179937087,
      "y": 525.018869061023,
      "voronoiId": 43
    },
    {
      "x": 128.43928313814104,
      "y": 253.37670603767037,
      "voronoiId": 23
    },
    {
      "x": 542.5545506179333,
      "y": 413.99946101009846,
      "voronoiId": 32
    },
    {
      "x": 400.10247635655105,
      "y": 257.82333710230887,
      "voronoiId": 25
    }
  ],
  "selectedCells": [
    {
      "x": 278.8890574593097,
      "y": 272.46972704306245
    },
    {
      "x": 191.1697186063975,
      "y": 392.64565939083695
    },
    {
      "x": 225.93036093749106,
      "y": 443.26876625418663
    },
    {
      "x": 157.25380866788328,
      "y": 399.0512744989246
    },
    {
      "x": 165.53328037261963,
      "y": 492.27591287344694
    },
    {
      "x": 242.16399542056024,
      "y": 543.4988320805132
    },
    {
      "x": 269.871523976326,
      "y": 416.4351090788841
    }
  ],
  "splineVector": [
    {
      "x": 0.22454988634017553,
      "y": 0.7796636322959625
    },
    {
      "x": 0.20824844800173412,
      "y": 0.7879275875901975
    },
    {
      "x": 0.19186703232163357,
      "y": 0.7960331188895936
    },
    {
      "x": 0.17562680892925817,
      "y": 0.8044174898853925
    },
    {
      "x": 0.15946947907704037,
      "y": 0.8129603281345826
    },
    {
      "x": 0.14373844894327645,
      "y": 0.822257084844777
    },
    {
      "x": 0.12901962605101272,
      "y": 0.8330350428528259
    },
    {
      "x": 0.11876521317555068,
      "y": 0.8480468863762076
    },
    {
      "x": 0.11977591556582577,
      "y": 0.865853226397454
    },
    {
      "x": 0.12966535195531181,
      "y": 0.8810631811925606
    },
    {
      "x": 0.1428129828576464,
      "y": 0.8937215510061675
    },
    {
      "x": 0.1574816490112056,
      "y": 0.9046073320104789
    },
    {
      "x": 0.173276951132085,
      "y": 0.9137885948946539
    },
    {
      "x": 0.19001350664298106,
      "y": 0.9210899896261243
    },
    {
      "x": 0.2080469095608432,
      "y": 0.9234557030557069
    },
    {
      "x": 0.22605688629890805,
      "y": 0.9205630452715035
    },
    {
      "x": 0.24360546086504029,
      "y": 0.9154846635679451
    },
    {
      "x": 0.2609436744064347,
      "y": 0.9097029509439343
    },
    {
      "x": 0.2784454649799303,
      "y": 0.9044531740703683
    },
    {
      "x": 0.29643779862148356,
      "y": 0.9013794228753402
    },
    {
      "x": 0.31430873584235436,
      "y": 0.9044237503615128
    },
    {
      "x": 0.32871922117164154,
      "y": 0.9155027884015046
    },
    {
      "x": 0.33992565128939256,
      "y": 0.9298966462448472
    },
    {
      "x": 0.3493287761215407,
      "y": 0.9455621781371224
    },
    {
      "x": 0.35749442317217667,
      "y": 0.9619042685490803
    },
    {
      "x": 0.36757101454016483,
      "y": 0.9771008189061643
    },
    {
      "x": 0.3837981072807334,
      "y": 0.9848640818515688
    },
    {
      "x": 0.40123370944472525,
      "y": 0.9806559744422686
    },
    {
      "x": 0.41588443972599903,
      "y": 0.9698427965211933
    },
    {
      "x": 0.42668629297661287,
      "y": 0.9552080437509867
    },
    {
      "x": 0.4365903520006671,
      "y": 0.9398501442644658
    },
    {
      "x": 0.44618453885971465,
      "y": 0.9242954810356919
    },
    {
      "x": 0.4552734170141537,
      "y": 0.9084391367293223
    },
    {
      "x": 0.46410078126782056,
      "y": 0.8924351357287984
    },
    {
      "x": 0.4721080144105761,
      "y": 0.8760117029969322
    },
    {
      "x": 0.4766603286042954,
      "y": 0.8583889191914528
    },
    {
      "x": 0.4777185293374781,
      "y": 0.8401528114005665
    },
    {
      "x": 0.47837429066061066,
      "y": 0.8218901648415922
    },
    {
      "x": 0.4833798984581753,
      "y": 0.8044630325996286
    },
    {
      "x": 0.4936508101949494,
      "y": 0.7894047137608883
    },
    {
      "x": 0.5063939437693131,
      "y": 0.7763232482203828
    },
    {
      "x": 0.5196861123039848,
      "y": 0.7637800422604041
    },
    {
      "x": 0.5325378722270101,
      "y": 0.7507863846699354
    },
    {
      "x": 0.5450645499507837,
      "y": 0.7374774180672053
    },
    {
      "x": 0.5572399030695114,
      "y": 0.7238470523131958
    },
    {
      "x": 0.5687112341711549,
      "y": 0.7096214993037278
    },
    {
      "x": 0.5789575149118338,
      "y": 0.6944984800957937
    },
    {
      "x": 0.5859025196964177,
      "y": 0.6776535100122957
    },
    {
      "x": 0.5887765711897835,
      "y": 0.6596464307582044
    },
    {
      "x": 0.5881237682212941,
      "y": 0.6413982806751563
    },
    {
      "x": 0.5850595859437046,
      "y": 0.6233871031935887
    },
    {
      "x": 0.580664125785547,
      "y": 0.6056469598152765
    },
    {
      "x": 0.5766654942818485,
      "y": 0.5878250829411495
    },
    {
      "x": 0.574342538032732,
      "y": 0.5696966039331101
    },
    {
      "x": 0.571990726152406,
      "y": 0.5515717554220403
    },
    {
      "x": 0.5691762249676064,
      "y": 0.5335132286015574
    },
    {
      "x": 0.5658813783975167,
      "y": 0.515536312924732
    },
    {
      "x": 0.5619191232186983,
      "y": 0.4976956118631695
    },
    {
      "x": 0.557212451921925,
      "y": 0.48003629948455107
    },
    {
      "x": 0.5510604005540943,
      "y": 0.46286055705077433
    },
    {
      "x": 0.5414545009325076,
      "y": 0.4473668237908297
    },
    {
      "x": 0.528055249921387,
      "y": 0.4350198614135267
    },
    {
      "x": 0.5120942587662234,
      "y": 0.4261508009712559
    },
    {
      "x": 0.49521857293205795,
      "y": 0.41913750634119323
    },
    {
      "x": 0.47855233125967767,
      "y": 0.4117131261267905
    },
    {
      "x": 0.46051668833137827,
      "y": 0.41247401373902465
    },
    {
      "x": 0.44789709578807296,
      "y": 0.4252062409449327
    },
    {
      "x": 0.4403591203930035,
      "y": 0.4418145139569999
    },
    {
      "x": 0.4330707928097473,
      "y": 0.4585755024746561
    },
    {
      "x": 0.4259311847273758,
      "y": 0.47540041426562685
    },
    {
      "x": 0.4186769940742791,
      "y": 0.4921760800945163
    },
    {
      "x": 0.410994422677822,
      "y": 0.5087595659915091
    },
    {
      "x": 0.40303226390387126,
      "y": 0.5252104436736401
    },
    {
      "x": 0.39441121163031156,
      "y": 0.5412110402299222
    },
    {
      "x": 0.377765263145051,
      "y": 0.5479681806396709
    },
    {
      "x": 0.3601383693377992,
      "y": 0.5438364556873279
    },
    {
      "x": 0.34577065707473115,
      "y": 0.5327323845486494
    },
    {
      "x": 0.3328579175921176,
      "y": 0.5199071683935369
    },
    {
      "x": 0.31581914376512904,
      "y": 0.5240345194066512
    },
    {
      "x": 0.30527625527233465,
      "y": 0.5385447898283746
    },
    {
      "x": 0.3027258447265324,
      "y": 0.5565475875724232
    },
    {
      "x": 0.3011139580068124,
      "y": 0.5747532645717391
    },
    {
      "x": 0.2993410658250323,
      "y": 0.5929440901086949
    },
    {
      "x": 0.2973619866107466,
      "y": 0.6111134494517633
    },
    {
      "x": 0.29481366565476685,
      "y": 0.6291967583661424
    },
    {
      "x": 0.2872910803106396,
      "y": 0.6457533878791983
    },
    {
      "x": 0.27299819945549153,
      "y": 0.6568851426974721
    },
    {
      "x": 0.25530901482216806,
      "y": 0.6610276914579711
    },
    {
      "x": 0.2370671659065651,
      "y": 0.6610232193023404
    },
    {
      "x": 0.22033757661422354,
      "y": 0.6672917988830295
    },
    {
      "x": 0.21861915135973065,
      "y": 0.6849468880902625
    },
    {
      "x": 0.2340786760837582,
      "y": 0.6937151826791449
    },
    {
      "x": 0.25203433710814466,
      "y": 0.6968745798408769
    },
    {
      "x": 0.26749394368217533,
      "y": 0.7063550234810199
    },
    {
      "x": 0.2798115778211017,
      "y": 0.7196942847815099
    },
    {
      "x": 0.2822881746578034,
      "y": 0.7375874126900596
    },
    {
      "x": 0.2716509193359074,
      "y": 0.7517847448577321
    },
    {
      "x": 0.25663685850293055,
      "y": 0.7621607623824851
    },
    {
      "x": 0.24069595491819323,
      "y": 0.7710989025357518
    },
    {
      "x": 0.22454988634017553,
      "y": 0.7796636322959625
    }
  ]
}