{
  "id": 10,
  "mode": "voronoi",
  "trackSize": 3,
  "fitness": {
    "length": 1162.987305,
    "deltaX": 8.299126,
    "deltaY": -4.710754,
    "deltaAngleDegrees": 2.797171,
    "speed_entropy": 0,
    "acceleration_entropy": 0,
    "braking_entropy": 0,
    "positions_mean": 0,
    "avg_radius_mean": 199.89176884745763,
    "gaps_mean": 0,
    "right_bends": 39,
    "avg_radius_var": 60247.794731811315,
    "total_overtakes": 315,
    "straight_sections": 33,
    "gaps_var": 0,
    "left_bends": 30,
    "positions_var": 2.0000000000000004,
    "curvature_entropy": 0
  },
  "dataSet": [
    {
      "x": 572.169919218868,
      "y": 330.9551023878157,
      "voronoiId": 27
    },
    {
      "x": 256.3720573671162,
      "y": 317.77009293437004,
      "voronoiId": 22
    },
    {
      "x": 599.6819938067347,
      "y": 393.86047180742025,
      "voronoiId": 33
    },
    {
      "x": 119.54000531695783,
      "y": 245.99867798388004,
      "voronoiId": 12
    },
    {
      "x": 123.68284435942769,
      "y": 137.37296545878053,
      "voronoiId": 5
    },
    {
      "x": 228.8777405396104,
      "y": 261.01290970109403,
      "voronoiId": 13
    },
    {
      "x": 52.159471437335014,
      "y": 408.4114304278046,
      "voronoiId": 35
    },
    {
      "x": 581.5457494463772,
      "y": 184.80482851155102,
      "voronoiId": 8
    },
    {
      "x": 475.9539842605591,
      "y": 170.02516617067158,
      "voronoiId": 7
    },
    {
      "x": 386.9862834457308,
      "y": 315.7747709657997,
      "voronoiId": 20
    },
    {
      "x": 468.7758457381278,
      "y": 203.002946684137,
      "voronoiId": 9
    },
    {
      "x": 226.35659566149116,
      "y": 41.35763347148895,
      "voronoiId": 1
    },
    {
      "x": 280.62775433063507,
      "y": 483.491667592898,
      "voronoiId": 41
    },
    {
      "x": 239.22690670005977,
      "y": 355.46051622368395,
      "voronoiId": 29
    },
    {
      "x": 228.24900657869875,
      "y": 328.1386655755341,
      "voronoiId": 24
    },
    {
      "x": 278.8100929465145,
      "y": 524.0443712566048,
      "voronoiId": 43
    },
    {
      "x": 430.43690118938684,
      "y": 64.16035727597773,
      "voronoiId": 3
    },
    {
      "x": 444.78657343424857,
      "y": 9.822076186537743,
      "voronoiId": 0
    },
    {
      "x": 105.74199054390192,
      "y": 543.7026841565967,
      "voronoiId": 45
    },
    {
      "x": 237.829343508929,
      "y": 271.3640397414565,
      "voronoiId": 15
    },
    {
      "x": 538.6381157208234,
      "y": 330.49245458096266,
      "voronoiId": 25
    },
    {
      "x": 408.8366026058793,
      "y": 289.8603409063071,
      "voronoiId": 18
    },
    {
      "x": 107.46958558447659,
      "y": 582.7989078126848,
      "voronoiId": 49
    },
    {
      "x": 593.7920296099037,
      "y": 576.6634901985526,
      "voronoiId": 48
    },
    {
      "x": 524.7907534707338,
      "y": 367.3050509300083,
      "voronoiId": 31
    },
    {
      "x": 246.26458561979234,
      "y": 407.0796058047563,
      "voronoiId": 34
    },
    {
      "x": 169.6777633856982,
      "y": 211.7800734937191,
      "voronoiId": 10
    },
    {
      "x": 579.7257848549634,
      "y": 427.52854507416487,
      "voronoiId": 37
    },
    {
      "x": 61.22496169991791,
      "y": 461.0113872215152,
      "voronoiId": 39
    },
    {
      "x": 178.77270611934364,
      "y": 117.87325995974243,
      "voronoiId": 4
    },
    {
      "x": 396.9864391721785,
      "y": 164.47926918044686,
      "voronoiId": 6
    },
    {
      "x": 507.67599754035473,
      "y": 318.7010601628572,
      "voronoiId": 23
    },
    {
      "x": 254.3026520870626,
      "y": 315.89941098354757,
      "voronoiId": 21
    },
    {
      "x": 367.0252153649926,
      "y": 345.0639381073415,
      "voronoiId": 28
    },
    {
      "x": 528.2140611670911,
      "y": 454.59465994499624,
      "voronoiId": 38
    },
    {
      "x": 190.61764203943312,
      "y": 330.8535186108202,
      "voronoiId": 26
    },
    {
      "x": 320.18993091769516,
      "y": 294.3991043139249,
      "voronoiId": 19
    },
    {
      "x": 522.9064475744963,
      "y": 547.0758817624301,
      "voronoiId": 46
    },
    {
      "x": 248.30400520004332,
      "y": 519.2416434176266,
      "voronoiId": 42
    },
    {
      "x": 50.50834156572819,
      "y": 541.3990380708128,
      "voronoiId": 44
    },
    {
      "x": 71.91732446663082,
      "y": 217.29706758633256,
      "voronoiId": 11
    },
    {
      "x": 142.6159942522645,
      "y": 280.8937192428857,
      "voronoiId": 17
    },
    {
      "x": 421.1842325516045,
      "y": 375.7076353300363,
      "voronoiId": 32
    },
    {
      "x": 458.0929237883538,
      "y": 367.1267999801785,
      "voronoiId": 30
    },
    {
      "x": 142.8591974079609,
      "y": 425.20271725952625,
      "voronoiId": 36
    },
    {
      "x": 533.0068306066096,
      "y": 268.9859796781093,
      "voronoiId": 14
    },
    {
      "x": 186.39557026326656,
      "y": 274.37025094404817,
      "voronoiId": 16
    },
    {
      "x": 365.8075138460845,
      "y": 44.3208840675652,
      "voronoiId": 2
    },
    {
      "x": 317.4051321577281,
      "y": 462.5871278811246,
      "voronoiId": 40
    },
    {
      "x": 289.8083453066647,
      "y": 553.2428422942758,
      "voronoiId": 47
    }
  ],
  "selectedCells": [
    {
      "x": 320.18993091769516,
      "y": 294.3991043139249
    },
    {
      "x": 228.8777405396104,
      "y": 261.01290970109403
    },
    {
      "x": 178.77270611934364,
      "y": 117.87325995974243
    }
  ],
  "splineVector": [
    {
      "x": 0.44165445531905606,
      "y": 0.3969941729587976
    },
    {
      "x": 0.45567537416360754,
      "y": 0.3832657185929882
    },
    {
      "x": 0.46980635541808446,
      "y": 0.3696507008419743
    },
    {
      "x": 0.4842774322310373,
      "y": 0.3564117242596445
    },
    {
      "x": 0.5012993537745606,
      "y": 0.34876909177756554
    },
    {
      "x": 0.5171600810320902,
      "y": 0.35947114101998084
    },
    {
      "x": 0.5209112655077287,
      "y": 0.37811497171489056
    },
    {
      "x": 0.5116037661612561,
      "y": 0.39510814654254717
    },
    {
      "x": 0.49829307229883013,
      "y": 0.4095240060632956
    },
    {
      "x": 0.48608413392892064,
      "y": 0.42484803814865946
    },
    {
      "x": 0.4755680206853967,
      "y": 0.4414129473419213
    },
    {
      "x": 0.467638473248486,
      "y": 0.4593248929086087
    },
    {
      "x": 0.4679216059983624,
      "y": 0.47873680947131675
    },
    {
      "x": 0.47403493019618503,
      "y": 0.4973569441785064
    },
    {
      "x": 0.4789989284623712,
      "y": 0.5163388391233641
    },
    {
      "x": 0.48388530107770006,
      "y": 0.5353436398238592
    },
    {
      "x": 0.48891421872506763,
      "y": 0.5543076910646125
    },
    {
      "x": 0.49619880540547867,
      "y": 0.5724362279038336
    },
    {
      "x": 0.5099369471568139,
      "y": 0.5858480429501401
    },
    {
      "x": 0.5288724034619857,
      "y": 0.5843694828623642
    },
    {
      "x": 0.5443397630076331,
      "y": 0.572385323422447
    },
    {
      "x": 0.5572998964596677,
      "y": 0.5576540975788715
    },
    {
      "x": 0.5696572092583273,
      "y": 0.5424128669518452
    },
    {
      "x": 0.5813698963894776,
      "y": 0.5266705163929604
    },
    {
      "x": 0.5917679729805236,
      "y": 0.5100497940464357
    },
    {
      "x": 0.5993668995919433,
      "y": 0.4919945483164749
    },
    {
      "x": 0.6038383686610905,
      "y": 0.4729035784666583
    },
    {
      "x": 0.6066597097252365,
      "y": 0.45348665801656163
    },
    {
      "x": 0.6100489603437008,
      "y": 0.4341625236485041
    },
    {
      "x": 0.6114542427680718,
      "y": 0.41461933551754215
    },
    {
      "x": 0.6075518182264498,
      "y": 0.395501124264575
    },
    {
      "x": 0.5963450324026064,
      "y": 0.37950075284704965
    },
    {
      "x": 0.5803331031208235,
      "y": 0.36824986627881706
    },
    {
      "x": 0.5629261511535958,
      "y": 0.3591968621280454
    },
    {
      "x": 0.5451770160437315,
      "y": 0.3508291489016417
    },
    {
      "x": 0.5275655967678142,
      "y": 0.34218498531440605
    },
    {
      "x": 0.5109214967759886,
      "y": 0.3318438241463157
    },
    {
      "x": 0.4967684012987392,
      "y": 0.3182932282561187
    },
    {
      "x": 0.48519664364275683,
      "y": 0.3024623006466303
    },
    {
      "x": 0.4764976192439383,
      "y": 0.2849405927952662
    },
    {
      "x": 0.47711694803154747,
      "y": 0.26666820789853535
    },
    {
      "x": 0.49156689365086914,
      "y": 0.2534247011613211
    },
    {
      "x": 0.4971248017404643,
      "y": 0.23590285568861913
    },
    {
      "x": 0.4872848642928971,
      "y": 0.21927138591900722
    },
    {
      "x": 0.47150868349862807,
      "y": 0.20769901890997647
    },
    {
      "x": 0.45425853960353685,
      "y": 0.19834754801620522
    },
    {
      "x": 0.4373313039339843,
      "y": 0.18843101195842915
    },
    {
      "x": 0.4212146997399439,
      "y": 0.1772427987068375
    },
    {
      "x": 0.4053253262806826,
      "y": 0.16572825169982544
    },
    {
      "x": 0.38946858679793567,
      "y": 0.15416872417088212
    },
    {
      "x": 0.37346574619680406,
      "y": 0.14281272578676776
    },
    {
      "x": 0.35729878702271856,
      "y": 0.1316913558897246
    },
    {
      "x": 0.3410503525757557,
      "y": 0.12068924910829763
    },
    {
      "x": 0.3247279181240893,
      "y": 0.10979729020021518
    },
    {
      "x": 0.3082849070781192,
      "y": 0.0990884547674906
    },
    {
      "x": 0.29169225699619794,
      "y": 0.08861296881821762
    },
    {
      "x": 0.27493388002987984,
      "y": 0.07840462142644625
    },
    {
      "x": 0.25803606633545023,
      "y": 0.06842898064125597
    },
    {
      "x": 0.24085097440350905,
      "y": 0.05896044883861959
    },
    {
      "x": 0.22327503140089555,
      "y": 0.0502368951224577
    },
    {
      "x": 0.2050648602385325,
      "y": 0.042991488234192125
    },
    {
      "x": 0.18723886170594983,
      "y": 0.04601462590727321
    },
    {
      "x": 0.18068060776972877,
      "y": 0.06396814421679833
    },
    {
      "x": 0.18366175957606587,
      "y": 0.0832824373136706
    },
    {
      "x": 0.18981551540842845,
      "y": 0.10191444801755602
    },
    {
      "x": 0.19616050769672513,
      "y": 0.12048311408684455
    },
    {
      "x": 0.2028361723784995,
      "y": 0.13893511712908235
    },
    {
      "x": 0.20996028773437486,
      "y": 0.15721866598264445
    },
    {
      "x": 0.21757597530664224,
      "y": 0.17530275752144758
    },
    {
      "x": 0.22572247911567117,
      "y": 0.19315402976221038
    },
    {
      "x": 0.23437904759707529,
      "y": 0.21076339345738418
    },
    {
      "x": 0.2435118984619758,
      "y": 0.2281306968540171
    },
    {
      "x": 0.25325569742829496,
      "y": 0.24516228623182001
    },
    {
      "x": 0.26375496326657805,
      "y": 0.2617353370156347
    },
    {
      "x": 0.2770077468503748,
      "y": 0.27607907741415905
    },
    {
      "x": 0.29399988387257137,
      "y": 0.2856910141212589
    },
    {
      "x": 0.3130950156219798,
      "y": 0.2899575307033019
    },
    {
      "x": 0.33270735486483677,
      "y": 0.2901512791773783
    },
    {
      "x": 0.35226828580340286,
      "y": 0.2886289268454707
    },
    {
      "x": 0.3716702685886412,
      "y": 0.2857288600970409
    },
    {
      "x": 0.39086304374521497,
      "y": 0.28170129885552564
    },
    {
      "x": 0.40951173080104897,
      "y": 0.2864807927022465
    },
    {
      "x": 0.41468751423990624,
      "y": 0.3043809079035916
    },
    {
      "x": 0.403064651640964,
      "y": 0.31960199752732765
    },
    {
      "x": 0.38861597415144233,
      "y": 0.33287450117231804
    },
    {
      "x": 0.37419583997523265,
      "y": 0.34618309166682565
    },
    {
      "x": 0.35984412967515383,
      "y": 0.3595646791148282
    },
    {
      "x": 0.34607658778068884,
      "y": 0.3735356851164155
    },
    {
      "x": 0.33425668987656687,
      "y": 0.3891469614458959
    },
    {
      "x": 0.32716059632640987,
      "y": 0.4073501782069563
    },
    {
      "x": 0.32512696890458526,
      "y": 0.4268562375349356
    },
    {
      "x": 0.3264488139474017,
      "y": 0.4463827873711571
    },
    {
      "x": 0.33505232885984126,
      "y": 0.4638116982112636
    },
    {
      "x": 0.3525299467388237,
      "y": 0.47112933411810826
    },
    {
      "x": 0.3705991348336941,
      "y": 0.4645507752717892
    },
    {
      "x": 0.38538659813202203,
      "y": 0.45171155336394964
    },
    {
      "x": 0.3996765111580252,
      "y": 0.43826357694003626
    },
    {
      "x": 0.41380835754231793,
      "y": 0.4246494274405261
    },
    {
      "x": 0.4277709982224789,
      "y": 0.41086168346088037
    },
    {
      "x": 0.44165445531905606,
      "y": 0.3969941729587976
    }
  ]
}