{
  "id": 14,
  "mode": "voronoi",
  "trackSize": 7,
  "fitness": {
    "length": 1193.178955,
    "deltaX": -4.739159,
    "deltaY": 7.019676,
    "deltaAngleDegrees": -0.313851,
    "speed_entropy": 0,
    "acceleration_entropy": 0,
    "braking_entropy": 0,
    "positions_mean": 0,
    "avg_radius_mean": 194.7899867344633,
    "gaps_mean": 0,
    "right_bends": 45,
    "avg_radius_var": 55493.82878032553,
    "total_overtakes": 8,
    "straight_sections": 33,
    "gaps_var": 0,
    "left_bends": 43,
    "positions_var": 2.0000000000000004,
    "curvature_entropy": 0
  },
  "dataSet": [
    {
      "x": 28.014633525162935,
      "y": 550.560464663431,
      "voronoiId": 45
    },
    {
      "x": 326.78606319241226,
      "y": 500.26459344662726,
      "voronoiId": 40
    },
    {
      "x": 339.76179719902575,
      "y": 274.69783555716276,
      "voronoiId": 22
    },
    {
      "x": 534.1312539763749,
      "y": 425.975200580433,
      "voronoiId": 35
    },
    {
      "x": 306.23241146095097,
      "y": 162.06966787576675,
      "voronoiId": 14
    },
    {
      "x": 142.82697695307434,
      "y": 55.08322091773152,
      "voronoiId": 8
    },
    {
      "x": 238.19513535127044,
      "y": 75.32607894390821,
      "voronoiId": 12
    },
    {
      "x": 413.18669943138957,
      "y": 434.7378212492913,
      "voronoiId": 37
    },
    {
      "x": 364.5521576050669,
      "y": 414.8486557882279,
      "voronoiId": 33
    },
    {
      "x": 181.90126726403832,
      "y": 310.5926207732409,
      "voronoiId": 26
    },
    {
      "x": 227.72176922298968,
      "y": 384.9609161261469,
      "voronoiId": 30
    },
    {
      "x": 38.81010627374053,
      "y": 533.8070627767593,
      "voronoiId": 42
    },
    {
      "x": 465.7560776453465,
      "y": 332.06377532333136,
      "voronoiId": 29
    },
    {
      "x": 70.99821832962334,
      "y": 576.7499977257103,
      "voronoiId": 46
    },
    {
      "x": 543.1803394574672,
      "y": 242.55046918988228,
      "voronoiId": 18
    },
    {
      "x": 588.5275828186423,
      "y": 582.3233529925346,
      "voronoiId": 47
    },
    {
      "x": 421.09038359485567,
      "y": 244.91732348687947,
      "voronoiId": 19
    },
    {
      "x": 36.01656365208328,
      "y": 269.13555040955544,
      "voronoiId": 21
    },
    {
      "x": 425.78584305010736,
      "y": 49.29995387792587,
      "voronoiId": 6
    },
    {
      "x": 13.540632091462612,
      "y": 75.10255188681185,
      "voronoiId": 11
    },
    {
      "x": 506.43662768416107,
      "y": 314.191163610667,
      "voronoiId": 27
    },
    {
      "x": 226.53257343918085,
      "y": 1.5292456839233637,
      "voronoiId": 0
    },
    {
      "x": 491.51008534245193,
      "y": 165.52876504138112,
      "voronoiId": 16
    },
    {
      "x": 30.02339657396078,
      "y": 63.39634554460645,
      "voronoiId": 9
    },
    {
      "x": 20.82175360992551,
      "y": 307.2671748697758,
      "voronoiId": 25
    },
    {
      "x": 468.8131963368505,
      "y": 591.9297847431153,
      "voronoiId": 48
    },
    {
      "x": 206.3875829335302,
      "y": 165.32245203852654,
      "voronoiId": 15
    },
    {
      "x": 423.2586158439517,
      "y": 317.86777451634407,
      "voronoiId": 28
    },
    {
      "x": 488.35992179811,
      "y": 28.065738826990128,
      "voronoiId": 2
    },
    {
      "x": 434.22771734185517,
      "y": 258.624677779153,
      "voronoiId": 20
    },
    {
      "x": 594.1321768797934,
      "y": 28.48686841316521,
      "voronoiId": 3
    },
    {
      "x": 262.6167776528746,
      "y": 232.44262374937534,
      "voronoiId": 17
    },
    {
      "x": 45.25018539279699,
      "y": 94.20695398002863,
      "voronoiId": 13
    },
    {
      "x": 57.224413426592946,
      "y": 52.63800350949168,
      "voronoiId": 7
    },
    {
      "x": 339.03786982409656,
      "y": 14.921063929796219,
      "voronoiId": 1
    },
    {
      "x": 301.0504578240216,
      "y": 31.02663801982999,
      "voronoiId": 4
    },
    {
      "x": 479.40216567367315,
      "y": 278.5598450805992,
      "voronoiId": 23
    },
    {
      "x": 526.267769979313,
      "y": 66.4226258173585,
      "voronoiId": 10
    },
    {
      "x": 436.03800712153316,
      "y": 392.2674181871116,
      "voronoiId": 32
    },
    {
      "x": 354.89828498102725,
      "y": 501.21002406813204,
      "voronoiId": 41
    },
    {
      "x": 430.5218213237822,
      "y": 294.09046405926347,
      "voronoiId": 24
    },
    {
      "x": 433.70467820204794,
      "y": 32.07594249397516,
      "voronoiId": 5
    },
    {
      "x": 284.36411689035594,
      "y": 419.55307465977967,
      "voronoiId": 34
    },
    {
      "x": 492.49336877837777,
      "y": 477.1040480118245,
      "voronoiId": 39
    },
    {
      "x": 173.66679143160582,
      "y": 537.582558626309,
      "voronoiId": 43
    },
    {
      "x": 434.11924755200744,
      "y": 434.1955610085279,
      "voronoiId": 36
    },
    {
      "x": 445.4271496273577,
      "y": 549.0922346245497,
      "voronoiId": 44
    },
    {
      "x": 569.2437311634421,
      "y": 598.0308689642698,
      "voronoiId": 49
    },
    {
      "x": 132.7547804452479,
      "y": 388.8743775431067,
      "voronoiId": 31
    },
    {
      "x": 289.00677650235593,
      "y": 476.50695741176605,
      "voronoiId": 38
    }
  ],
  "selectedCells": [
    {
      "x": 339.76179719902575,
      "y": 274.69783555716276
    },
    {
      "x": 364.5521576050669,
      "y": 414.8486557882279
    },
    {
      "x": 354.89828498102725,
      "y": 501.21002406813204
    },
    {
      "x": 445.4271496273577,
      "y": 549.0922346245497
    },
    {
      "x": 434.11924755200744,
      "y": 434.1955610085279
    },
    {
      "x": 492.49336877837777,
      "y": 477.1040480118245
    },
    {
      "x": 413.18669943138957,
      "y": 434.7378212492913
    }
  ],
  "splineVector": [
    {
      "x": 0.6024380978953287,
      "y": 0.5478751213189692
    },
    {
      "x": 0.5968654866601684,
      "y": 0.5669862822576666
    },
    {
      "x": 0.6035541831527175,
      "y": 0.5849128767591212
    },
    {
      "x": 0.6223526664663191,
      "y": 0.5919221680104771
    },
    {
      "x": 0.6401745339279983,
      "y": 0.6005745180154702
    },
    {
      "x": 0.6516397615046208,
      "y": 0.6167877907314687
    },
    {
      "x": 0.6563326955913611,
      "y": 0.6363143020736115
    },
    {
      "x": 0.6603493045941535,
      "y": 0.6559959982261628
    },
    {
      "x": 0.6708822609440624,
      "y": 0.6729503062131602
    },
    {
      "x": 0.687807075146241,
      "y": 0.6834112228553451
    },
    {
      "x": 0.7073016749172045,
      "y": 0.6879883408454407
    },
    {
      "x": 0.7273007498214554,
      "y": 0.689882046647057
    },
    {
      "x": 0.7473931278663258,
      "y": 0.6901076673921842
    },
    {
      "x": 0.7674885935955313,
      "y": 0.6901931519850899
    },
    {
      "x": 0.7875657259174644,
      "y": 0.6899350722694743
    },
    {
      "x": 0.8030347352358768,
      "y": 0.6982550129688814
    },
    {
      "x": 0.812368493631135,
      "y": 0.7158119162347706
    },
    {
      "x": 0.8272002443524744,
      "y": 0.7292984531844241
    },
    {
      "x": 0.8434391211408447,
      "y": 0.7411347459571398
    },
    {
      "x": 0.8598750181004841,
      "y": 0.752697331246449
    },
    {
      "x": 0.876191070107938,
      "y": 0.7644284197516528
    },
    {
      "x": 0.8924464201541318,
      "y": 0.7762433627932978
    },
    {
      "x": 0.9084667036947955,
      "y": 0.7883746689532086
    },
    {
      "x": 0.9241785501016798,
      "y": 0.8009027268478147
    },
    {
      "x": 0.9396327489776775,
      "y": 0.8137464219596471
    },
    {
      "x": 0.9523255447294894,
      "y": 0.8291462053748809
    },
    {
      "x": 0.9513245832671383,
      "y": 0.8485912704565876
    },
    {
      "x": 0.9399401398677685,
      "y": 0.8648853841481904
    },
    {
      "x": 0.9229795032764133,
      "y": 0.8754201315689345
    },
    {
      "x": 0.9049357216218505,
      "y": 0.8842550011356092
    },
    {
      "x": 0.8886855664666926,
      "y": 0.895999449646854
    },
    {
      "x": 0.8689456451926572,
      "y": 0.8959291171611351
    },
    {
      "x": 0.8500815889911331,
      "y": 0.9027422708188348
    },
    {
      "x": 0.8323080312048419,
      "y": 0.9121114116866486
    },
    {
      "x": 0.8147365507551513,
      "y": 0.9218610508677147
    },
    {
      "x": 0.7973621189628125,
      "y": 0.9319587544580004
    },
    {
      "x": 0.7799873155349083,
      "y": 0.9420558546055054
    },
    {
      "x": 0.7625923264488612,
      "y": 0.9521181331776051
    },
    {
      "x": 0.7451473333569615,
      "y": 0.9620933746130828
    },
    {
      "x": 0.7276282937045563,
      "y": 0.9719380094051934
    },
    {
      "x": 0.7099836740831487,
      "y": 0.9815553430730676
    },
    {
      "x": 0.6921201550420754,
      "y": 0.9907587793546606
    },
    {
      "x": 0.673983530481842,
      "y": 0.9994017331356091
    },
    {
      "x": 0.6547994351741385,
      "y": 1.0052853449241297
    },
    {
      "x": 0.634759339745944,
      "y": 1.0059524548974998
    },
    {
      "x": 0.6148645537976789,
      "y": 1.0033269505178581
    },
    {
      "x": 0.5948559783504147,
      "y": 1.0048493861540533
    },
    {
      "x": 0.5754109226107044,
      "y": 1.007364101385353
    },
    {
      "x": 0.5612331116601054,
      "y": 0.99386974203412
    },
    {
      "x": 0.5607012263025316,
      "y": 0.9738518594908382
    },
    {
      "x": 0.5618125724923089,
      "y": 0.9537888932369575
    },
    {
      "x": 0.5625557186497634,
      "y": 0.9337070900887035
    },
    {
      "x": 0.5634791724648186,
      "y": 0.913632716811881
    },
    {
      "x": 0.5645465532585916,
      "y": 0.8935654682099857
    },
    {
      "x": 0.56570475275228,
      "y": 0.873503227855889
    },
    {
      "x": 0.5668757019083085,
      "y": 0.8534417186010043
    },
    {
      "x": 0.568027416257313,
      "y": 0.8333790965977976
    },
    {
      "x": 0.569143258156112,
      "y": 0.8133144712980193
    },
    {
      "x": 0.5700955816211835,
      "y": 0.7932414183880193
    },
    {
      "x": 0.571383205100415,
      "y": 0.7732016992970293
    },
    {
      "x": 0.5682354335582753,
      "y": 0.7547024896149056
    },
    {
      "x": 0.5525624282175807,
      "y": 0.742221355413988
    },
    {
      "x": 0.5418940503161034,
      "y": 0.7255991000338269
    },
    {
      "x": 0.540265989224321,
      "y": 0.705605367883739
    },
    {
      "x": 0.5411725890854762,
      "y": 0.6855307382083653
    },
    {
      "x": 0.5412917678219972,
      "y": 0.6654417990997998
    },
    {
      "x": 0.5405679716002705,
      "y": 0.6453594288370804
    },
    {
      "x": 0.5395409541212292,
      "y": 0.6252901816454576
    },
    {
      "x": 0.5384368830566447,
      "y": 0.6052291990804542
    },
    {
      "x": 0.5346215300961077,
      "y": 0.5855764748755413
    },
    {
      "x": 0.5224690308722105,
      "y": 0.5704642613095544
    },
    {
      "x": 0.5024861160061785,
      "y": 0.5691557707824166
    },
    {
      "x": 0.4829632707615134,
      "y": 0.5644106038584435
    },
    {
      "x": 0.46450552258737754,
      "y": 0.5566118660991038
    },
    {
      "x": 0.450519417386648,
      "y": 0.5424643737918357
    },
    {
      "x": 0.4477865708857109,
      "y": 0.5229382579703398
    },
    {
      "x": 0.4530481639133343,
      "y": 0.5036339754329962
    },
    {
      "x": 0.4612493568581935,
      "y": 0.48529652380170113
    },
    {
      "x": 0.47014466093191615,
      "y": 0.4672774247441883
    },
    {
      "x": 0.47948300930961857,
      "y": 0.4494839979428452
    },
    {
      "x": 0.4892695149029273,
      "y": 0.4319327631352607
    },
    {
      "x": 0.4994792556415112,
      "y": 0.41462462753464396
    },
    {
      "x": 0.510117091454938,
      "y": 0.3975761914720486
    },
    {
      "x": 0.5213149750763201,
      "y": 0.3808910233381763
    },
    {
      "x": 0.5337039736191407,
      "y": 0.36507846184460835
    },
    {
      "x": 0.5475290831853113,
      "y": 0.35052881112905426
    },
    {
      "x": 0.564485032485172,
      "y": 0.33991105379309006
    },
    {
      "x": 0.5842635286525006,
      "y": 0.33812660916563747
    },
    {
      "x": 0.6018635175129442,
      "y": 0.34715299904579633
    },
    {
      "x": 0.6138637646402708,
      "y": 0.3631870146504119
    },
    {
      "x": 0.6216913385068856,
      "y": 0.38168136116597434
    },
    {
      "x": 0.627936218812236,
      "y": 0.4007812849976895
    },
    {
      "x": 0.6335614001283751,
      "y": 0.4200725897695454
    },
    {
      "x": 0.6391229294248245,
      "y": 0.43938314146236984
    },
    {
      "x": 0.6444965801964632,
      "y": 0.45873017825751117
    },
    {
      "x": 0.6428684330040831,
      "y": 0.47863806176920753
    },
    {
      "x": 0.6343605371439227,
      "y": 0.4967582247663068
    },
    {
      "x": 0.6236790518316129,
      "y": 0.5137736305104768
    },
    {
      "x": 0.6130323753763071,
      "y": 0.5308171473960513
    },
    {
      "x": 0.6024380978953287,
      "y": 0.5478751213189692
    }
  ]
}