{
  "id": 23,
  "mode": "voronoi",
  "trackSize": 8,
  "fitness": {
    "length": 1500.290161,
    "deltaX": 1.520412,
    "deltaY": 3.748779,
    "deltaAngleDegrees": -0.36729,
    "speed_entropy": 0,
    "acceleration_entropy": 0,
    "braking_entropy": 0,
    "positions_mean": 0,
    "avg_radius_mean": 189.8939619620853,
    "gaps_mean": 0,
    "right_bends": 46,
    "avg_radius_var": 54784.390514579965,
    "total_overtakes": 17,
    "straight_sections": 46,
    "gaps_var": 0,
    "left_bends": 49,
    "positions_var": 2.6666666666666665,
    "curvature_entropy": 0
  },
  "dataSet": [
    {
      "x": 145.5566146876663,
      "y": 344.9348984286189,
      "voronoiId": 29
    },
    {
      "x": 480.35256690345705,
      "y": 492.207560967654,
      "voronoiId": 41
    },
    {
      "x": 286.0852236393839,
      "y": 162.8533624112606,
      "voronoiId": 13
    },
    {
      "x": 330.84875335916877,
      "y": 411.3275611773133,
      "voronoiId": 35
    },
    {
      "x": 244.23984945751727,
      "y": 155.70672755129635,
      "voronoiId": 12
    },
    {
      "x": 368.8944770023227,
      "y": 594.6797874290496,
      "voronoiId": 49
    },
    {
      "x": 464.0276100486517,
      "y": 75.0584898982197,
      "voronoiId": 5
    },
    {
      "x": 236.07796062715352,
      "y": 246.5441593900323,
      "voronoiId": 22
    },
    {
      "x": 464.97820266522467,
      "y": 69.52477195300162,
      "voronoiId": 4
    },
    {
      "x": 579.1173771489412,
      "y": 142.9645541589707,
      "voronoiId": 10
    },
    {
      "x": 524.709447612986,
      "y": 491.65629241615534,
      "voronoiId": 40
    },
    {
      "x": 437.37854403443635,
      "y": 144.36540165916085,
      "voronoiId": 11
    },
    {
      "x": 476.0685669723898,
      "y": 20.70507975295186,
      "voronoiId": 2
    },
    {
      "x": 104.57396786659956,
      "y": 581.4238680526614,
      "voronoiId": 45
    },
    {
      "x": 152.54122861661017,
      "y": 389.5846097264439,
      "voronoiId": 33
    },
    {
      "x": 238.00072786398232,
      "y": 383.1655698828399,
      "voronoiId": 31
    },
    {
      "x": 163.57789649628103,
      "y": 4.6184188686311245,
      "voronoiId": 0
    },
    {
      "x": 49.540079198777676,
      "y": 108.0361854750663,
      "voronoiId": 9
    },
    {
      "x": 65.10362676344812,
      "y": 561.717501282692,
      "voronoiId": 44
    },
    {
      "x": 98.97500798106194,
      "y": 284.8324852064252,
      "voronoiId": 24
    },
    {
      "x": 432.69713376648724,
      "y": 186.99205541051924,
      "voronoiId": 15
    },
    {
      "x": 334.5728825312108,
      "y": 200.31291428022087,
      "voronoiId": 18
    },
    {
      "x": 275.99752550013363,
      "y": 489.5357638131827,
      "voronoiId": 39
    },
    {
      "x": 503.87510298751295,
      "y": 188.33712581545115,
      "voronoiId": 16
    },
    {
      "x": 295.62085177749395,
      "y": 216.77610129117966,
      "voronoiId": 19
    },
    {
      "x": 277.7488903608173,
      "y": 302.8827453497797,
      "voronoiId": 27
    },
    {
      "x": 347.8725483175367,
      "y": 411.39097893610597,
      "voronoiId": 36
    },
    {
      "x": 562.7359308768064,
      "y": 189.23784722574055,
      "voronoiId": 17
    },
    {
      "x": 415.96035081893206,
      "y": 19.923578761518,
      "voronoiId": 1
    },
    {
      "x": 261.8074518162757,
      "y": 492.31871855445206,
      "voronoiId": 42
    },
    {
      "x": 534.559734351933,
      "y": 476.71924573369324,
      "voronoiId": 38
    },
    {
      "x": 32.286015059798956,
      "y": 588.4399008471519,
      "voronoiId": 46
    },
    {
      "x": 166.68750559911132,
      "y": 88.485823944211,
      "voronoiId": 6
    },
    {
      "x": 445.7837590947747,
      "y": 287.810388347134,
      "voronoiId": 25
    },
    {
      "x": 200.3900219220668,
      "y": 96.1323278490454,
      "voronoiId": 8
    },
    {
      "x": 433.08910662308335,
      "y": 385.2032127790153,
      "voronoiId": 32
    },
    {
      "x": 326.1874388437718,
      "y": 465.9348155837506,
      "voronoiId": 37
    },
    {
      "x": 262.98480005934834,
      "y": 368.5833410359919,
      "voronoiId": 30
    },
    {
      "x": 31.89163296483457,
      "y": 64.43824446760118,
      "voronoiId": 3
    },
    {
      "x": 290.9892540425062,
      "y": 183.46243277192116,
      "voronoiId": 14
    },
    {
      "x": 545.2354999724776,
      "y": 272.3675948102027,
      "voronoiId": 23
    },
    {
      "x": 579.562339419499,
      "y": 236.01627862080932,
      "voronoiId": 21
    },
    {
      "x": 83.90674595721066,
      "y": 592.1937039121985,
      "voronoiId": 48
    },
    {
      "x": 53.28039634041488,
      "y": 222.3221335094422,
      "voronoiId": 20
    },
    {
      "x": 446.6980693861842,
      "y": 555.2094658836722,
      "voronoiId": 43
    },
    {
      "x": 245.03750349394977,
      "y": 303.26111926697195,
      "voronoiId": 28
    },
    {
      "x": 172.22899915650487,
      "y": 399.04096727259457,
      "voronoiId": 34
    },
    {
      "x": 584.3617825303227,
      "y": 291.71440000645816,
      "voronoiId": 26
    },
    {
      "x": 449.8289574868977,
      "y": 94.64427349157631,
      "voronoiId": 7
    },
    {
      "x": 216.1996909417212,
      "y": 590.9510014113039,
      "voronoiId": 47
    }
  ],
  "selectedCells": [
    {
      "x": 277.7488903608173,
      "y": 302.8827453497797
    },
    {
      "x": 245.03750349394977,
      "y": 303.26111926697195
    },
    {
      "x": 145.5566146876663,
      "y": 344.9348984286189
    },
    {
      "x": 172.22899915650487,
      "y": 399.04096727259457
    },
    {
      "x": 152.54122861661017,
      "y": 389.5846097264439
    },
    {
      "x": 65.10362676344812,
      "y": 561.717501282692
    },
    {
      "x": 261.8074518162757,
      "y": 492.31871855445206
    },
    {
      "x": 275.99752550013363,
      "y": 489.5357638131827
    }
  ],
  "splineVector": [
    {
      "x": 0.6088626902584177,
      "y": 0.5052106814567684
    },
    {
      "x": 0.6089914604297798,
      "y": 0.5303874342399263
    },
    {
      "x": 0.5962911306223244,
      "y": 0.5512698954248502
    },
    {
      "x": 0.5740817018153699,
      "y": 0.5631041173395659
    },
    {
      "x": 0.5526448129676528,
      "y": 0.5762671614863926
    },
    {
      "x": 0.5278382590170942,
      "y": 0.5781272493274094
    },
    {
      "x": 0.5033850281242932,
      "y": 0.5718090469741729
    },
    {
      "x": 0.4790396419324464,
      "y": 0.5650672101156959
    },
    {
      "x": 0.45454714833241266,
      "y": 0.558887212878169
    },
    {
      "x": 0.4294759476909903,
      "y": 0.5568672411797243
    },
    {
      "x": 0.4050863644240253,
      "y": 0.5631239537160815
    },
    {
      "x": 0.38084609907278283,
      "y": 0.5696160421461842
    },
    {
      "x": 0.35582371222292597,
      "y": 0.5671660554065402
    },
    {
      "x": 0.33202408323400906,
      "y": 0.5697104747084184
    },
    {
      "x": 0.3268849762884192,
      "y": 0.5938275909170877
    },
    {
      "x": 0.3313273392486107,
      "y": 0.6186925026334869
    },
    {
      "x": 0.3356950719166721,
      "y": 0.643573653123237
    },
    {
      "x": 0.34048430898742266,
      "y": 0.668376737141119
    },
    {
      "x": 0.3459893354505675,
      "y": 0.6930301428435088
    },
    {
      "x": 0.3525659582284706,
      "y": 0.7174183141079898
    },
    {
      "x": 0.36266910587622914,
      "y": 0.7404114510603157
    },
    {
      "x": 0.3862702533074891,
      "y": 0.7468948224988096
    },
    {
      "x": 0.40940581634536094,
      "y": 0.7374178089700565
    },
    {
      "x": 0.43213757288791804,
      "y": 0.7265361797347308
    },
    {
      "x": 0.45428523439828267,
      "y": 0.7188878536839446
    },
    {
      "x": 0.4727324307886076,
      "y": 0.7353049594268031
    },
    {
      "x": 0.48600001542289395,
      "y": 0.7567913327299233
    },
    {
      "x": 0.49794356907530907,
      "y": 0.779050838590879
    },
    {
      "x": 0.5096813277880886,
      "y": 0.8014201321197325
    },
    {
      "x": 0.521165913090726,
      "y": 0.8239196879208818
    },
    {
      "x": 0.5320095165430784,
      "y": 0.8467346357427946
    },
    {
      "x": 0.5415852378300523,
      "y": 0.8701062474605948
    },
    {
      "x": 0.5477670325847767,
      "y": 0.8944861536284349
    },
    {
      "x": 0.5408700155106421,
      "y": 0.918350407677941
    },
    {
      "x": 0.5209417597919411,
      "y": 0.9334771920453647
    },
    {
      "x": 0.49839084172721093,
      "y": 0.944761211224924
    },
    {
      "x": 0.47432979075070264,
      "y": 0.9409489675665149
    },
    {
      "x": 0.45314564788801126,
      "y": 0.9274887675629
    },
    {
      "x": 0.4299524300274163,
      "y": 0.9174842924551202
    },
    {
      "x": 0.4069537732557062,
      "y": 0.9070333878617098
    },
    {
      "x": 0.3839517552944492,
      "y": 0.896589788327159
    },
    {
      "x": 0.36095869589565227,
      "y": 0.8861264912239977
    },
    {
      "x": 0.33799496863613715,
      "y": 0.8755989750207306
    },
    {
      "x": 0.3150826061900616,
      "y": 0.8649603294795534
    },
    {
      "x": 0.2921130075170465,
      "y": 0.8544470053061816
    },
    {
      "x": 0.27070603609639066,
      "y": 0.8414317001140702
    },
    {
      "x": 0.25500083711991517,
      "y": 0.8217167386951059
    },
    {
      "x": 0.23647831938138483,
      "y": 0.8052421850727344
    },
    {
      "x": 0.2130634416850225,
      "y": 0.8128543459653041
    },
    {
      "x": 0.19722455217669874,
      "y": 0.8324244560771354
    },
    {
      "x": 0.18618144400334052,
      "y": 0.8551249002714969
    },
    {
      "x": 0.17631533429827007,
      "y": 0.8783799790756185
    },
    {
      "x": 0.16638950291408122,
      "y": 0.9016100874254038
    },
    {
      "x": 0.1561679652459796,
      "y": 0.9247089353421175
    },
    {
      "x": 0.14447800752464982,
      "y": 0.9470970815975551
    },
    {
      "x": 0.13127576887927225,
      "y": 0.9686163249058369
    },
    {
      "x": 0.11200342431116397,
      "y": 0.982170665896659
    },
    {
      "x": 0.08918745282450707,
      "y": 0.9726671877340868
    },
    {
      "x": 0.07030914727172839,
      "y": 0.9558995029506814
    },
    {
      "x": 0.052676270796909654,
      "y": 0.937817250965454
    },
    {
      "x": 0.036177724389124116,
      "y": 0.9186935339182057
    },
    {
      "x": 0.02109361391002785,
      "y": 0.8984365006086968
    },
    {
      "x": 0.007933191770616027,
      "y": 0.876886501248508
    },
    {
      "x": -0.0015980155816339183,
      "y": 0.8535398194438798
    },
    {
      "x": -0.006061077341821872,
      "y": 0.8287082752286501
    },
    {
      "x": -0.007211104621319927,
      "y": 0.8034855259485667
    },
    {
      "x": -0.006338491321561489,
      "y": 0.7782421428119118
    },
    {
      "x": -0.00435308890532639,
      "y": 0.7530593704947199
    },
    {
      "x": -0.0018091859732034484,
      "y": 0.7279262867496699
    },
    {
      "x": -0.0006146616223051993,
      "y": 0.7027497156823853
    },
    {
      "x": -0.001221509877542886,
      "y": 0.6775305104872691
    },
    {
      "x": 0.016994398563865885,
      "y": 0.6618819887909211
    },
    {
      "x": 0.03980473383611999,
      "y": 0.6512899222906608
    },
    {
      "x": 0.06020697209277038,
      "y": 0.6363949288516734
    },
    {
      "x": 0.08026781593845744,
      "y": 0.6210419877016486
    },
    {
      "x": 0.10020182574284825,
      "y": 0.6055244410460732
    },
    {
      "x": 0.12005600087433589,
      "y": 0.5899048253317682
    },
    {
      "x": 0.13988240661885554,
      "y": 0.574249946970134
    },
    {
      "x": 0.1596971490921053,
      "y": 0.5585803077612408
    },
    {
      "x": 0.17950370778144195,
      "y": 0.5429003259024491
    },
    {
      "x": 0.19933928591242323,
      "y": 0.5272570900911018
    },
    {
      "x": 0.2192070925332535,
      "y": 0.5116547907388469
    },
    {
      "x": 0.23912838984588822,
      "y": 0.49612090516106366
    },
    {
      "x": 0.2592211048211361,
      "y": 0.48080971140803913
    },
    {
      "x": 0.2790395035392799,
      "y": 0.4651555543473243
    },
    {
      "x": 0.302411561816166,
      "y": 0.4603380144467463
    },
    {
      "x": 0.32529226416654355,
      "y": 0.47063202089514505
    },
    {
      "x": 0.3503331569814116,
      "y": 0.4685471816992384
    },
    {
      "x": 0.37520929038526835,
      "y": 0.46416360054622324
    },
    {
      "x": 0.40013725101089204,
      "y": 0.460071660429985
    },
    {
      "x": 0.42492762799955364,
      "y": 0.45536262035916464
    },
    {
      "x": 0.44735149308952965,
      "y": 0.44413198924522634
    },
    {
      "x": 0.46917352823694763,
      "y": 0.43210066042523415
    },
    {
      "x": 0.4941490420587083,
      "y": 0.4336363507876052
    },
    {
      "x": 0.5188003586001114,
      "y": 0.43915016349717234
    },
    {
      "x": 0.5433555061191961,
      "y": 0.4450778340228831
    },
    {
      "x": 0.5678245225502194,
      "y": 0.45135582877163377
    },
    {
      "x": 0.5914802550554712,
      "y": 0.45955189054421824
    },
    {
      "x": 0.6045785355834714,
      "y": 0.4803606083527876
    },
    {
      "x": 0.6088626902584177,
      "y": 0.5052106814567684
    }
  ]
}