{
  "id": 43,
  "mode": "voronoi",
  "trackSize": 4,
  "fitness": {
    "length": 703.711792,
    "deltaX": 2.337234,
    "deltaY": 2.354431,
    "deltaAngleDegrees": -1.284475,
    "speed_entropy": 0,
    "acceleration_entropy": 0,
    "braking_entropy": 0,
    "positions_mean": 0,
    "avg_radius_mean": 180.76867182142857,
    "gaps_mean": 0,
    "right_bends": 19,
    "avg_radius_var": 52503.524468407486,
    "total_overtakes": 68,
    "straight_sections": 24,
    "gaps_var": 0,
    "left_bends": 26,
    "positions_var": 2.0000000000000004,
    "curvature_entropy": 0
  },
  "dataSet": [
    {
      "x": 179.17504962533712,
      "y": 132.1598423179239,
      "voronoiId": 12
    },
    {
      "x": 312.6373699866235,
      "y": 521.8079228885472,
      "voronoiId": 44
    },
    {
      "x": 480.5132777430117,
      "y": 115.98581266589463,
      "voronoiId": 11
    },
    {
      "x": 202.17493157833815,
      "y": 311.99923446401954,
      "voronoiId": 27
    },
    {
      "x": 49.45268793962896,
      "y": 571.7680684290826,
      "voronoiId": 47
    },
    {
      "x": 366.8735459446907,
      "y": 170.90130038559437,
      "voronoiId": 16
    },
    {
      "x": 390.90502127073705,
      "y": 17.0446565374732,
      "voronoiId": 1
    },
    {
      "x": 25.21589077077806,
      "y": 187.86893170326948,
      "voronoiId": 18
    },
    {
      "x": 468.54575369507074,
      "y": 140.56420004926622,
      "voronoiId": 14
    },
    {
      "x": 184.45117492228746,
      "y": 571.804495761171,
      "voronoiId": 48
    },
    {
      "x": 563.0550276953727,
      "y": 471.1317327339202,
      "voronoiId": 40
    },
    {
      "x": 383.79922709427774,
      "y": 255.3521890193224,
      "voronoiId": 23
    },
    {
      "x": 506.59805056639016,
      "y": 31.789687927812338,
      "voronoiId": 3
    },
    {
      "x": 197.4750957917422,
      "y": 440.0129896122962,
      "voronoiId": 37
    },
    {
      "x": 551.3143534306437,
      "y": 11.902225250378251,
      "voronoiId": 0
    },
    {
      "x": 529.6758435666561,
      "y": 403.1096032820642,
      "voronoiId": 34
    },
    {
      "x": 558.7889646179974,
      "y": 251.76771325059235,
      "voronoiId": 22
    },
    {
      "x": 167.7572443149984,
      "y": 391.3609368726611,
      "voronoiId": 31
    },
    {
      "x": 368.24788455851376,
      "y": 394.86438911408186,
      "voronoiId": 32
    },
    {
      "x": 398.72109331190586,
      "y": 37.200676929205656,
      "voronoiId": 5
    },
    {
      "x": 556.1615249142051,
      "y": 389.0861193649471,
      "voronoiId": 30
    },
    {
      "x": 586.8857029359788,
      "y": 135.8281394932419,
      "voronoiId": 13
    },
    {
      "x": 301.89322787337005,
      "y": 424.99279165640473,
      "voronoiId": 35
    },
    {
      "x": 434.1473168693483,
      "y": 249.32197574526072,
      "voronoiId": 21
    },
    {
      "x": 297.8944319766015,
      "y": 459.91625720635056,
      "voronoiId": 39
    },
    {
      "x": 368.2372699957341,
      "y": 211.92652587778866,
      "voronoiId": 19
    },
    {
      "x": 580.45190772973,
      "y": 35.400585271418095,
      "voronoiId": 4
    },
    {
      "x": 386.8398226797581,
      "y": 47.93511237949133,
      "voronoiId": 6
    },
    {
      "x": 445.05920237861574,
      "y": 459.88730639219284,
      "voronoiId": 38
    },
    {
      "x": 550.710716843605,
      "y": 185.0273496005684,
      "voronoiId": 17
    },
    {
      "x": 25.87160258553922,
      "y": 213.29200523905456,
      "voronoiId": 20
    },
    {
      "x": 220.75937809422612,
      "y": 53.05052250623703,
      "voronoiId": 7
    },
    {
      "x": 476.55881023965776,
      "y": 324.94150162674487,
      "voronoiId": 29
    },
    {
      "x": 341.9519323389977,
      "y": 593.3167029172182,
      "voronoiId": 49
    },
    {
      "x": 117.7531458903104,
      "y": 397.96385457739234,
      "voronoiId": 33
    },
    {
      "x": 355.3395970724523,
      "y": 72.60580672882497,
      "voronoiId": 9
    },
    {
      "x": 518.8817478250712,
      "y": 559.6748344134539,
      "voronoiId": 46
    },
    {
      "x": 337.1535221580416,
      "y": 300.1744429115206,
      "voronoiId": 26
    },
    {
      "x": 511.23041650280356,
      "y": 56.20568417944014,
      "voronoiId": 8
    },
    {
      "x": 371.76120299845934,
      "y": 277.28969170711935,
      "voronoiId": 25
    },
    {
      "x": 401.3003679458052,
      "y": 430.9058664366603,
      "voronoiId": 36
    },
    {
      "x": 533.65363413468,
      "y": 100.44483533129096,
      "voronoiId": 10
    },
    {
      "x": 515.7631420064718,
      "y": 153.85767803527415,
      "voronoiId": 15
    },
    {
      "x": 135.18739412538707,
      "y": 502.632190939039,
      "voronoiId": 43
    },
    {
      "x": 520.0791981071234,
      "y": 25.935958698391914,
      "voronoiId": 2
    },
    {
      "x": 293.2893765158951,
      "y": 534.0943660587072,
      "voronoiId": 45
    },
    {
      "x": 262.96922299079597,
      "y": 498.21896106004715,
      "voronoiId": 42
    },
    {
      "x": 405.87149946950376,
      "y": 482.86734810099006,
      "voronoiId": 41
    },
    {
      "x": 409.62074124254286,
      "y": 257.52152474597096,
      "voronoiId": 24
    },
    {
      "x": 577.312265150249,
      "y": 317.8269662428647,
      "voronoiId": 28
    }
  ],
  "selectedCells": [
    {
      "x": 337.1535221580416,
      "y": 300.1744429115206
    },
    {
      "x": 371.76120299845934,
      "y": 277.28969170711935
    },
    {
      "x": 368.24788455851376,
      "y": 394.86438911408186
    },
    {
      "x": 301.89322787337005,
      "y": 424.99279165640473
    }
  ],
  "splineVector": [
    {
      "x": 0.6495038323252974,
      "y": 0.4523599660165091
    },
    {
      "x": 0.6585340167088946,
      "y": 0.459956659291255
    },
    {
      "x": 0.6666281148370803,
      "y": 0.46853668436350815
    },
    {
      "x": 0.6735608835620183,
      "y": 0.4780850090405222
    },
    {
      "x": 0.6794470296245398,
      "y": 0.48831098212785634
    },
    {
      "x": 0.6849939259470448,
      "y": 0.4987304201007477
    },
    {
      "x": 0.6899065191219798,
      "y": 0.5094391836660955
    },
    {
      "x": 0.6926721502612312,
      "y": 0.5208972715741391
    },
    {
      "x": 0.6913976363151252,
      "y": 0.5325054684288212
    },
    {
      "x": 0.6872757601848078,
      "y": 0.5435605100052149
    },
    {
      "x": 0.6837545445662877,
      "y": 0.5548234741424715
    },
    {
      "x": 0.6853215878556149,
      "y": 0.5661945491484844
    },
    {
      "x": 0.6926608815160521,
      "y": 0.5754081269886095
    },
    {
      "x": 0.7019915675856868,
      "y": 0.5826050552494274
    },
    {
      "x": 0.7104031975551931,
      "y": 0.59081355418408
    },
    {
      "x": 0.7162762712721374,
      "y": 0.6009766834248682
    },
    {
      "x": 0.7166852804376878,
      "y": 0.612669718745324
    },
    {
      "x": 0.7130982507042908,
      "y": 0.6238682983451671
    },
    {
      "x": 0.7062930317063845,
      "y": 0.6334863356824673
    },
    {
      "x": 0.6983834474335671,
      "y": 0.6422416582842669
    },
    {
      "x": 0.6896654409449741,
      "y": 0.6502002061808341
    },
    {
      "x": 0.6809909725562446,
      "y": 0.6582070616765395
    },
    {
      "x": 0.6722224696617879,
      "y": 0.6661108711133046
    },
    {
      "x": 0.6633514526429563,
      "y": 0.6738993779356398
    },
    {
      "x": 0.6543667205373073,
      "y": 0.6815564466324661
    },
    {
      "x": 0.645329104622464,
      "y": 0.6891511557505152
    },
    {
      "x": 0.6362569869978969,
      "y": 0.6967046096549763
    },
    {
      "x": 0.6271508961983566,
      "y": 0.7042170732645233
    },
    {
      "x": 0.6179925020053546,
      "y": 0.7116654046040505
    },
    {
      "x": 0.6088500679291642,
      "y": 0.7191321393045678
    },
    {
      "x": 0.6004907120280841,
      "y": 0.7274585197556307
    },
    {
      "x": 0.591461223491619,
      "y": 0.7350327506121089
    },
    {
      "x": 0.5814281467633944,
      "y": 0.7412276043551632
    },
    {
      "x": 0.5702095647800078,
      "y": 0.7447642607151286
    },
    {
      "x": 0.5584923602435709,
      "y": 0.7461674402967173
    },
    {
      "x": 0.5466928145012467,
      "y": 0.746197566118844
    },
    {
      "x": 0.5348963526104957,
      "y": 0.7457608417495685
    },
    {
      "x": 0.5231095782631703,
      "y": 0.7451053024195374
    },
    {
      "x": 0.511320736863539,
      "y": 0.7444878037663454
    },
    {
      "x": 0.49953612688079735,
      "y": 0.743794463153851
    },
    {
      "x": 0.487761231812114,
      "y": 0.742955748269236
    },
    {
      "x": 0.4760062366474207,
      "y": 0.7418718582163751
    },
    {
      "x": 0.4642782217892225,
      "y": 0.7405285049267365
    },
    {
      "x": 0.452595179994933,
      "y": 0.7388419516979126
    },
    {
      "x": 0.4409721625759931,
      "y": 0.7367791901672721
    },
    {
      "x": 0.42958843613543024,
      "y": 0.7336872148323171
    },
    {
      "x": 0.4187210272226713,
      "y": 0.7291534880300542
    },
    {
      "x": 0.4102423722264796,
      "y": 0.7210413799517934
    },
    {
      "x": 0.4042182547994811,
      "y": 0.7109156274648354
    },
    {
      "x": 0.4009799812418147,
      "y": 0.6995959410911758
    },
    {
      "x": 0.39966030157552024,
      "y": 0.6878738361946923
    },
    {
      "x": 0.39990085720790414,
      "y": 0.6760754770298484
    },
    {
      "x": 0.40138186678371185,
      "y": 0.6643710627181499
    },
    {
      "x": 0.4021058098744229,
      "y": 0.652628823173006
    },
    {
      "x": 0.3993521604261554,
      "y": 0.6411589061749575
    },
    {
      "x": 0.4035721190419142,
      "y": 0.6307933279839922
    },
    {
      "x": 0.41332623362580506,
      "y": 0.6241723307130707
    },
    {
      "x": 0.42429479387145735,
      "y": 0.6198535924406772
    },
    {
      "x": 0.4350287228003643,
      "y": 0.6149601808658125
    },
    {
      "x": 0.4446253280515453,
      "y": 0.6082165855655521
    },
    {
      "x": 0.4509485591710943,
      "y": 0.5982936174941931
    },
    {
      "x": 0.4548452409627311,
      "y": 0.5871786381919022
    },
    {
      "x": 0.45603718705795254,
      "y": 0.5754485630756133
    },
    {
      "x": 0.45599859646854257,
      "y": 0.563649603697009
    },
    {
      "x": 0.4549984426730075,
      "y": 0.5518875263814038
    },
    {
      "x": 0.45373921502978865,
      "y": 0.5401505947067952
    },
    {
      "x": 0.4521399987974435,
      "y": 0.5284547326772464
    },
    {
      "x": 0.45031112678594915,
      "y": 0.5167922887514588
    },
    {
      "x": 0.44844921096872603,
      "y": 0.5051350556345992
    },
    {
      "x": 0.44654666267996707,
      "y": 0.4934843679876806
    },
    {
      "x": 0.444623948254393,
      "y": 0.481836992027824
    },
    {
      "x": 0.4426601600319063,
      "y": 0.4701964805270917
    },
    {
      "x": 0.44076956480028295,
      "y": 0.4585439781541067
    },
    {
      "x": 0.43904931674576153,
      "y": 0.4468650485793929
    },
    {
      "x": 0.43741703111540253,
      "y": 0.43517343722717
    },
    {
      "x": 0.4359267420502261,
      "y": 0.42346324801734747
    },
    {
      "x": 0.4348581065706307,
      "y": 0.4117072538356325
    },
    {
      "x": 0.4337052875758388,
      "y": 0.3999645927493132
    },
    {
      "x": 0.4318151877691599,
      "y": 0.3883272018752538
    },
    {
      "x": 0.4365526026678559,
      "y": 0.3779453178724822
    },
    {
      "x": 0.44626624587711705,
      "y": 0.3713285345978212
    },
    {
      "x": 0.45776811516045296,
      "y": 0.36927314346613965
    },
    {
      "x": 0.4694831809924356,
      "y": 0.37062611811376733
    },
    {
      "x": 0.4807988887055846,
      "y": 0.37393821704582314
    },
    {
      "x": 0.49106798906391974,
      "y": 0.3796828850642678
    },
    {
      "x": 0.5007088511530225,
      "y": 0.3864898585264725
    },
    {
      "x": 0.5106366010496781,
      "y": 0.39287714196983514
    },
    {
      "x": 0.5204316770717281,
      "y": 0.3994616752272987
    },
    {
      "x": 0.5305948796797685,
      "y": 0.4054174916051148
    },
    {
      "x": 0.5418292914452163,
      "y": 0.4090024444576296
    },
    {
      "x": 0.5534589245828568,
      "y": 0.4109080693392967
    },
    {
      "x": 0.565256372801754,
      "y": 0.41086846696551543
    },
    {
      "x": 0.5767017057500877,
      "y": 0.4136674708631507
    },
    {
      "x": 0.5876910097754113,
      "y": 0.41796890800412506
    },
    {
      "x": 0.5982641992103599,
      "y": 0.4232160980526452
    },
    {
      "x": 0.6088049216088622,
      "y": 0.42853106962632104
    },
    {
      "x": 0.6192832802435129,
      "y": 0.43396766410839444
    },
    {
      "x": 0.6296630812461131,
      "y": 0.43958956971841023
    },
    {
      "x": 0.6397682883236875,
      "y": 0.44569069499439024
    },
    {
      "x": 0.6495038323252974,
      "y": 0.4523599660165091
    }
  ]
}