{
  "id": 44,
  "mode": "voronoi",
  "trackSize": 5,
  "fitness": {
    "length": 1144.007812,
    "deltaX": 0.477776,
    "deltaY": 0.858835,
    "deltaAngleDegrees": 9.660582,
    "speed_entropy": 0,
    "acceleration_entropy": 0,
    "braking_entropy": 0,
    "positions_mean": 0,
    "avg_radius_mean": 192.30149043859646,
    "gaps_mean": 0,
    "right_bends": 41,
    "avg_radius_var": 50379.75261060753,
    "total_overtakes": 6,
    "straight_sections": 33,
    "gaps_var": 0,
    "left_bends": 37,
    "positions_var": 2.0000000000000004,
    "curvature_entropy": 0
  },
  "dataSet": [
    {
      "x": 547.4320014473051,
      "y": 218.88653975911438,
      "voronoiId": 26
    },
    {
      "x": 450.81737064756453,
      "y": 324.31159280240536,
      "voronoiId": 33
    },
    {
      "x": 423.4018122777343,
      "y": 394.4304983597249,
      "voronoiId": 38
    },
    {
      "x": 175.87717724964023,
      "y": 143.38872679509223,
      "voronoiId": 12
    },
    {
      "x": 213.3648322429508,
      "y": 163.33734691143036,
      "voronoiId": 16
    },
    {
      "x": 253.210611641407,
      "y": 404.41764327697456,
      "voronoiId": 40
    },
    {
      "x": 365.06038536317647,
      "y": 390.6025657430291,
      "voronoiId": 37
    },
    {
      "x": 115.08952067233622,
      "y": 139.57759947516024,
      "voronoiId": 11
    },
    {
      "x": 560.1859671995044,
      "y": 330.1197870634496,
      "voronoiId": 34
    },
    {
      "x": 350.6446729414165,
      "y": 416.315178014338,
      "voronoiId": 42
    },
    {
      "x": 21.56641585752368,
      "y": 73.22727902792394,
      "voronoiId": 5
    },
    {
      "x": 462.7974950708449,
      "y": 556.7005593795329,
      "voronoiId": 47
    },
    {
      "x": 32.68919046968222,
      "y": 89.82814843766391,
      "voronoiId": 8
    },
    {
      "x": 201.54542815871537,
      "y": 385.93592746183276,
      "voronoiId": 36
    },
    {
      "x": 458.5859263781458,
      "y": 277.85221324302256,
      "voronoiId": 28
    },
    {
      "x": 437.4784925021231,
      "y": 208.65160832181573,
      "voronoiId": 24
    },
    {
      "x": 525.678752688691,
      "y": 276.71396154910326,
      "voronoiId": 27
    },
    {
      "x": 41.59168526530266,
      "y": 180.69663383066654,
      "voronoiId": 18
    },
    {
      "x": 514.0766090713441,
      "y": 191.11139131709933,
      "voronoiId": 19
    },
    {
      "x": 126.50919654406607,
      "y": 284.60937598720193,
      "voronoiId": 29
    },
    {
      "x": 439.673460368067,
      "y": 169.44330451078713,
      "voronoiId": 17
    },
    {
      "x": 470.64210469834507,
      "y": 157.1094073355198,
      "voronoiId": 14
    },
    {
      "x": 224.21775818802416,
      "y": 581.311660213396,
      "voronoiId": 49
    },
    {
      "x": 363.87906074523926,
      "y": 407.59515250101686,
      "voronoiId": 41
    },
    {
      "x": 139.76628072559834,
      "y": 35.02120887860656,
      "voronoiId": 2
    },
    {
      "x": 117.35928263515234,
      "y": 203.8491076324135,
      "voronoiId": 22
    },
    {
      "x": 126.38570554554462,
      "y": 52.58876262232661,
      "voronoiId": 3
    },
    {
      "x": 143.6963074374944,
      "y": 470.8608514163643,
      "voronoiId": 43
    },
    {
      "x": 506.92415004596114,
      "y": 400.8178638294339,
      "voronoiId": 39
    },
    {
      "x": 320.46565250493586,
      "y": 322.5072921719402,
      "voronoiId": 32
    },
    {
      "x": 76.12920412793756,
      "y": 57.134968880563974,
      "voronoiId": 4
    },
    {
      "x": 230.2472908515483,
      "y": 212.55001542158425,
      "voronoiId": 25
    },
    {
      "x": 129.2114486452192,
      "y": 13.217266229912639,
      "voronoiId": 1
    },
    {
      "x": 101.81851694360375,
      "y": 305.3363489918411,
      "voronoiId": 31
    },
    {
      "x": 149.58279384300113,
      "y": 580.9678391553462,
      "voronoiId": 48
    },
    {
      "x": 215.7185307238251,
      "y": 205.4796790704131,
      "voronoiId": 23
    },
    {
      "x": 390.1958954986185,
      "y": 492.1675806865096,
      "voronoiId": 45
    },
    {
      "x": 310.55621411651373,
      "y": 152.76490291580558,
      "voronoiId": 13
    },
    {
      "x": 106.48957472294569,
      "y": 89.37813509255648,
      "voronoiId": 7
    },
    {
      "x": 228.92115279100835,
      "y": 347.6583234965801,
      "voronoiId": 35
    },
    {
      "x": 593.1587198283523,
      "y": 11.14615872502327,
      "voronoiId": 0
    },
    {
      "x": 308.21154741570354,
      "y": 511.7523637600243,
      "voronoiId": 46
    },
    {
      "x": 140.57831573300064,
      "y": 292.830462846905,
      "voronoiId": 30
    },
    {
      "x": 2.5327517185360193,
      "y": 87.99067991785705,
      "voronoiId": 6
    },
    {
      "x": 16.547098802402616,
      "y": 202.41441470570862,
      "voronoiId": 21
    },
    {
      "x": 137.7539400011301,
      "y": 157.2348098270595,
      "voronoiId": 15
    },
    {
      "x": 483.9686920400709,
      "y": 113.40859900228679,
      "voronoiId": 10
    },
    {
      "x": 460.45894674025476,
      "y": 191.12657471559942,
      "voronoiId": 20
    },
    {
      "x": 448.84423571638763,
      "y": 490.95606934279203,
      "voronoiId": 44
    },
    {
      "x": 397.83580396324396,
      "y": 108.44266740605235,
      "voronoiId": 9
    }
  ],
  "selectedCells": [
    {
      "x": 320.46565250493586,
      "y": 322.5072921719402
    },
    {
      "x": 437.4784925021231,
      "y": 208.65160832181573
    },
    {
      "x": 460.45894674025476,
      "y": 191.12657471559942
    },
    {
      "x": 310.55621411651373,
      "y": 152.76490291580558
    },
    {
      "x": 439.673460368067,
      "y": 169.44330451078713
    }
  ],
  "splineVector": [
    {
      "x": 0.8125557105967665,
      "y": 0.3044507640718607
    },
    {
      "x": 0.7967318048325132,
      "y": 0.294151270212923
    },
    {
      "x": 0.7776415667068096,
      "y": 0.29268839444149286
    },
    {
      "x": 0.7622347506433926,
      "y": 0.2817973167793471
    },
    {
      "x": 0.7565009899357629,
      "y": 0.2634154194825644
    },
    {
      "x": 0.7537773684058876,
      "y": 0.24439127375850714
    },
    {
      "x": 0.7497741758643719,
      "y": 0.22592491207260798
    },
    {
      "x": 0.7339362106671062,
      "y": 0.2163828530209107
    },
    {
      "x": 0.715561512746394,
      "y": 0.2203350074281254
    },
    {
      "x": 0.7022821547497831,
      "y": 0.2341453106142573
    },
    {
      "x": 0.6912156291425688,
      "y": 0.24994611919341872
    },
    {
      "x": 0.6789876967297055,
      "y": 0.2648615293963962
    },
    {
      "x": 0.6654090402069078,
      "y": 0.2785650229458555
    },
    {
      "x": 0.6485891617119011,
      "y": 0.2875667377960854
    },
    {
      "x": 0.6297844230845607,
      "y": 0.2859494185908316
    },
    {
      "x": 0.6149794046866269,
      "y": 0.27394207837204393
    },
    {
      "x": 0.6040488977462213,
      "y": 0.2580654887115848
    },
    {
      "x": 0.5945571916975377,
      "y": 0.2412681389556539
    },
    {
      "x": 0.585777993465793,
      "y": 0.2240862944809126
    },
    {
      "x": 0.5776128636749986,
      "y": 0.2066035606938586
    },
    {
      "x": 0.5696858638088668,
      "y": 0.18901100939524074
    },
    {
      "x": 0.561938561817974,
      "y": 0.1713385502521846
    },
    {
      "x": 0.5543464732063628,
      "y": 0.1535988611830071
    },
    {
      "x": 0.5468967826752729,
      "y": 0.1357988374218633
    },
    {
      "x": 0.5394491915987817,
      "y": 0.1179979682954797
    },
    {
      "x": 0.531865930632768,
      "y": 0.1002544443920121
    },
    {
      "x": 0.524234718887405,
      "y": 0.08253147941964915
    },
    {
      "x": 0.5164960353577209,
      "y": 0.06485553252237759
    },
    {
      "x": 0.5083623635589836,
      "y": 0.04735837426432287
    },
    {
      "x": 0.49958318596208323,
      "y": 0.03017711598925025
    },
    {
      "x": 0.49018964108252255,
      "y": 0.013324918479899684
    },
    {
      "x": 0.47687704495224464,
      "y": -0.000017715223208400184
    },
    {
      "x": 0.4580849564268989,
      "y": -0.0004397121757745737
    },
    {
      "x": 0.44344189753164476,
      "y": 0.01128487559192447
    },
    {
      "x": 0.4349588222526535,
      "y": 0.028586168065288367
    },
    {
      "x": 0.4286621189727692,
      "y": 0.04682061733042196
    },
    {
      "x": 0.4235760687947657,
      "y": 0.06543139651521196
    },
    {
      "x": 0.4196636258119475,
      "y": 0.08432311706388874
    },
    {
      "x": 0.41723933495990945,
      "y": 0.10346126662549508
    },
    {
      "x": 0.4162238341594206,
      "y": 0.12272637831568947
    },
    {
      "x": 0.4163307839604986,
      "y": 0.14201975790903892
    },
    {
      "x": 0.4172450706530939,
      "y": 0.16129301855800351
    },
    {
      "x": 0.41881487342490137,
      "y": 0.1805243236363778
    },
    {
      "x": 0.42093715007098537,
      "y": 0.19970277875365888
    },
    {
      "x": 0.42358051598183627,
      "y": 0.21881603427178242
    },
    {
      "x": 0.4268110874459541,
      "y": 0.23783916178529235
    },
    {
      "x": 0.4305331370123464,
      "y": 0.2567723827820421
    },
    {
      "x": 0.435003158761217,
      "y": 0.2755372584292623
    },
    {
      "x": 0.4413404737609268,
      "y": 0.29374721494422396
    },
    {
      "x": 0.4502300893699883,
      "y": 0.3108466111761764
    },
    {
      "x": 0.46182335588099804,
      "y": 0.32625210938812094
    },
    {
      "x": 0.4751032128859167,
      "y": 0.3402464498083084
    },
    {
      "x": 0.4892224866556263,
      "y": 0.35339520439583066
    },
    {
      "x": 0.5032540118350733,
      "y": 0.3666357431946094
    },
    {
      "x": 0.5148261942873715,
      "y": 0.3819689260867972
    },
    {
      "x": 0.5168077021188398,
      "y": 0.4004478336949532
    },
    {
      "x": 0.5055078027625473,
      "y": 0.4157218889531045
    },
    {
      "x": 0.4889231661871713,
      "y": 0.4255579717192213
    },
    {
      "x": 0.47151845382848917,
      "y": 0.43388859460017093
    },
    {
      "x": 0.4544156458951487,
      "y": 0.4428159371409791
    },
    {
      "x": 0.43992105000645715,
      "y": 0.45540802992071666
    },
    {
      "x": 0.43205702147085795,
      "y": 0.4726975139935575
    },
    {
      "x": 0.43201389622461617,
      "y": 0.4919246213361815
    },
    {
      "x": 0.43568586442581564,
      "y": 0.5108592380945041
    },
    {
      "x": 0.4409704148434011,
      "y": 0.5294136011717024
    },
    {
      "x": 0.4472568772580213,
      "y": 0.5476550076430299
    },
    {
      "x": 0.4543846690711512,
      "y": 0.5655845443310908
    },
    {
      "x": 0.4615042159011631,
      "y": 0.5835181593396156
    },
    {
      "x": 0.4704753222267825,
      "y": 0.6005816176393896
    },
    {
      "x": 0.48173251833520586,
      "y": 0.6161909301095634
    },
    {
      "x": 0.4971865586481366,
      "y": 0.6272786361676578
    },
    {
      "x": 0.5162892928986844,
      "y": 0.6257535542184032
    },
    {
      "x": 0.5343316473234847,
      "y": 0.6190279290770749
    },
    {
      "x": 0.5513743677125317,
      "y": 0.6099903776495824
    },
    {
      "x": 0.5678921390052829,
      "y": 0.600016740220398
    },
    {
      "x": 0.5843882314934356,
      "y": 0.5900059249396812
    },
    {
      "x": 0.600757407165538,
      "y": 0.579790082251085
    },
    {
      "x": 0.616843306784468,
      "y": 0.5691338642207835
    },
    {
      "x": 0.6322728749267835,
      "y": 0.5575690349764147
    },
    {
      "x": 0.6451283837036396,
      "y": 0.5433361384010353
    },
    {
      "x": 0.6515343455104071,
      "y": 0.5252495328928442
    },
    {
      "x": 0.6503798984017649,
      "y": 0.5061790390057986
    },
    {
      "x": 0.6451965127025202,
      "y": 0.487617390419648
    },
    {
      "x": 0.6348318267783821,
      "y": 0.4718927664192182
    },
    {
      "x": 0.6263866705229897,
      "y": 0.45491835888265747
    },
    {
      "x": 0.6340491982439759,
      "y": 0.4390605015413041
    },
    {
      "x": 0.6516146973519249,
      "y": 0.43126128941133723
    },
    {
      "x": 0.6699586472550619,
      "y": 0.42527738910646035
    },
    {
      "x": 0.6884073664348792,
      "y": 0.41962265287101497
    },
    {
      "x": 0.706937739771141,
      "y": 0.414241380964143
    },
    {
      "x": 0.7255340301569727,
      "y": 0.4090924481220397
    },
    {
      "x": 0.7441822471461582,
      "y": 0.40413446694677196
    },
    {
      "x": 0.7628082393069461,
      "y": 0.3990936140012902
    },
    {
      "x": 0.7814927737720443,
      "y": 0.3943707317700457
    },
    {
      "x": 0.8005201693345043,
      "y": 0.39236613196820547
    },
    {
      "x": 0.8152547651902018,
      "y": 0.3804940287253931
    },
    {
      "x": 0.8188143552615246,
      "y": 0.3616841979637628
    },
    {
      "x": 0.8175376540085375,
      "y": 0.34244400272401987
    },
    {
      "x": 0.816549045815309,
      "y": 0.3231901909910277
    },
    {
      "x": 0.8125557105967665,
      "y": 0.3044507640718607
    }
  ]
}