{
  "id": 55,
  "mode": "voronoi",
  "trackSize": 8,
  "fitness": {
    "length": 1167.328491,
    "deltaX": 13.79071,
    "deltaY": -5.082764,
    "deltaAngleDegrees": -10.517388,
    "speed_entropy": 0,
    "acceleration_entropy": 0,
    "braking_entropy": 0,
    "positions_mean": 0,
    "avg_radius_mean": 192.1136536466591,
    "gaps_mean": 0,
    "right_bends": 35,
    "avg_radius_var": 54128.773482819604,
    "total_overtakes": 63,
    "straight_sections": 41,
    "gaps_var": 0,
    "left_bends": 49,
    "positions_var": 0,
    "curvature_entropy": 3.0536189495045107
  },
  "dataSet": [
    {
      "x": 531.4599959179759,
      "y": 17.870644759386778,
      "voronoiId": 1
    },
    {
      "x": 440.5907815787941,
      "y": 54.459524201229215,
      "voronoiId": 4
    },
    {
      "x": 137.79269875958562,
      "y": 61.799390288069844,
      "voronoiId": 5
    },
    {
      "x": 264.95530153624713,
      "y": 182.66732250340283,
      "voronoiId": 15
    },
    {
      "x": 414.9698527995497,
      "y": 241.98007048107684,
      "voronoiId": 20
    },
    {
      "x": 95.90272754430771,
      "y": 528.0287558678538,
      "voronoiId": 42
    },
    {
      "x": 152.84305829554796,
      "y": 85.25589192286134,
      "voronoiId": 7
    },
    {
      "x": 338.94138615578413,
      "y": 501.8673903308809,
      "voronoiId": 39
    },
    {
      "x": 348.60007585957646,
      "y": 422.03901750035584,
      "voronoiId": 34
    },
    {
      "x": 206.60935691557825,
      "y": 314.3152568489313,
      "voronoiId": 25
    },
    {
      "x": 268.6951941344887,
      "y": 388.89507511630654,
      "voronoiId": 31
    },
    {
      "x": 249.62086002342403,
      "y": 547.3173385486007,
      "voronoiId": 44
    },
    {
      "x": 306.1520501039922,
      "y": 326.22792553156614,
      "voronoiId": 28
    },
    {
      "x": 490.80602126196027,
      "y": 568.1940063368529,
      "voronoiId": 47
    },
    {
      "x": 452.080014673993,
      "y": 415.665217442438,
      "voronoiId": 33
    },
    {
      "x": 143.45942996442318,
      "y": 190.08940514177084,
      "voronoiId": 16
    },
    {
      "x": 579.9662454519421,
      "y": 538.8337839860469,
      "voronoiId": 43
    },
    {
      "x": 13.351192697882652,
      "y": 17.76342778466642,
      "voronoiId": 0
    },
    {
      "x": 357.38523337058723,
      "y": 75.6058172788471,
      "voronoiId": 6
    },
    {
      "x": 278.33459386602044,
      "y": 92.15067238546908,
      "voronoiId": 8
    },
    {
      "x": 476.22135621495545,
      "y": 291.6161488741636,
      "voronoiId": 22
    },
    {
      "x": 140.3732183855027,
      "y": 361.33697032928467,
      "voronoiId": 29
    },
    {
      "x": 510.24692533537745,
      "y": 98.27265073545277,
      "voronoiId": 10
    },
    {
      "x": 99.3509360589087,
      "y": 568.8375337980688,
      "voronoiId": 48
    },
    {
      "x": 509.1601406224072,
      "y": 492.595178168267,
      "voronoiId": 37
    },
    {
      "x": 370.40424230508506,
      "y": 207.6483336277306,
      "voronoiId": 17
    },
    {
      "x": 486.11665559001267,
      "y": 159.2106583993882,
      "voronoiId": 13
    },
    {
      "x": 353.08115878142416,
      "y": 155.48276267945766,
      "voronoiId": 12
    },
    {
      "x": 422.56057555787265,
      "y": 521.9499543774873,
      "voronoiId": 40
    },
    {
      "x": 10.420047724619508,
      "y": 379.7750129364431,
      "voronoiId": 30
    },
    {
      "x": 280.8299590833485,
      "y": 578.4568637609482,
      "voronoiId": 49
    },
    {
      "x": 228.28844329342246,
      "y": 294.9720854870975,
      "voronoiId": 23
    },
    {
      "x": 136.19684935547411,
      "y": 211.52351796627045,
      "voronoiId": 18
    },
    {
      "x": 518.0273230187595,
      "y": 41.9326851144433,
      "voronoiId": 3
    },
    {
      "x": 439.66177948750556,
      "y": 551.9946464337409,
      "voronoiId": 45
    },
    {
      "x": 39.81236703693867,
      "y": 324.80588774196804,
      "voronoiId": 27
    },
    {
      "x": 130.48613746650517,
      "y": 299.8455954249948,
      "voronoiId": 24
    },
    {
      "x": 262.25011073984206,
      "y": 94.24248305149376,
      "voronoiId": 9
    },
    {
      "x": 141.43268717452884,
      "y": 559.523796569556,
      "voronoiId": 46
    },
    {
      "x": 253.13505842350423,
      "y": 324.4149401318282,
      "voronoiId": 26
    },
    {
      "x": 194.40182684920728,
      "y": 160.7383667025715,
      "voronoiId": 14
    },
    {
      "x": 341.0856731235981,
      "y": 242.86703830584884,
      "voronoiId": 21
    },
    {
      "x": 236.68607315048575,
      "y": 496.3248487561941,
      "voronoiId": 38
    },
    {
      "x": 169.3011151626706,
      "y": 21.476684510707855,
      "voronoiId": 2
    },
    {
      "x": 410.4428226593882,
      "y": 415.4594421386719,
      "voronoiId": 32
    },
    {
      "x": 70.99574161693454,
      "y": 215.15491912141442,
      "voronoiId": 19
    },
    {
      "x": 372.2953741438687,
      "y": 462.2022310271859,
      "voronoiId": 36
    },
    {
      "x": 19.91077079437673,
      "y": 524.1836872883141,
      "voronoiId": 41
    },
    {
      "x": 12.4847789760679,
      "y": 144.9386707507074,
      "voronoiId": 11
    },
    {
      "x": 243.50573848932981,
      "y": 450.8679998572916,
      "voronoiId": 35
    }
  ],
  "selectedCells": [
    {
      "x": 306.1520501039922,
      "y": 326.22792553156614
    },
    {
      "x": 341.0856731235981,
      "y": 242.86703830584884
    },
    {
      "x": 353.08115878142416,
      "y": 155.48276267945766
    },
    {
      "x": 264.95530153624713,
      "y": 182.66732250340283
    },
    {
      "x": 194.40182684920728,
      "y": 160.7383667025715
    },
    {
      "x": 262.25011073984206,
      "y": 94.24248305149376
    },
    {
      "x": 278.33459386602044,
      "y": 92.15067238546908
    },
    {
      "x": 357.38523337058723,
      "y": 75.6058172788471
    }
  ],
  "splineVector": [
    {
      "x": 0.7208991957608709,
      "y": 0.2527486000836997
    },
    {
      "x": 0.707237666101393,
      "y": 0.2663712182700205
    },
    {
      "x": 0.6897816721152883,
      "y": 0.2753065954912212
    },
    {
      "x": 0.6712911199599707,
      "y": 0.28196338592793324
    },
    {
      "x": 0.6523048061114874,
      "y": 0.2870695495991728
    },
    {
      "x": 0.633185294620991,
      "y": 0.2916577628534727
    },
    {
      "x": 0.6140286918778386,
      "y": 0.2960882051175283
    },
    {
      "x": 0.5948869252758121,
      "y": 0.30058177489315285
    },
    {
      "x": 0.575857990372115,
      "y": 0.3055300524596697
    },
    {
      "x": 0.5569452179333052,
      "y": 0.31089201989428217
    },
    {
      "x": 0.5396641919084233,
      "y": 0.3200580471029265
    },
    {
      "x": 0.5351074854975099,
      "y": 0.3384683641904693
    },
    {
      "x": 0.5443910808852955,
      "y": 0.3555189823655893
    },
    {
      "x": 0.560605543944425,
      "y": 0.3663672502123186
    },
    {
      "x": 0.5799533931109748,
      "y": 0.3696116925826672
    },
    {
      "x": 0.5979780049418172,
      "y": 0.37734676002337597
    },
    {
      "x": 0.6138232158549812,
      "y": 0.38894539921856947
    },
    {
      "x": 0.6274515440047193,
      "y": 0.4030140085319575
    },
    {
      "x": 0.6352124186403247,
      "y": 0.4209354952639483
    },
    {
      "x": 0.6366599375040228,
      "y": 0.44051721303538555
    },
    {
      "x": 0.635393169663626,
      "y": 0.46013192539759007
    },
    {
      "x": 0.6328624740202973,
      "y": 0.47962980184696413
    },
    {
      "x": 0.630407418734444,
      "y": 0.49913632481634823
    },
    {
      "x": 0.6340177974882744,
      "y": 0.5182246090709384
    },
    {
      "x": 0.6471233709233929,
      "y": 0.5326191022253225
    },
    {
      "x": 0.6545031362044557,
      "y": 0.5505304222743693
    },
    {
      "x": 0.6469415208917124,
      "y": 0.5682694548242595
    },
    {
      "x": 0.632666928455099,
      "y": 0.5816736832470878
    },
    {
      "x": 0.6166162489606815,
      "y": 0.59302186813382
    },
    {
      "x": 0.5999781855078495,
      "y": 0.6034947804155057
    },
    {
      "x": 0.5828015026581492,
      "y": 0.6130588360322394
    },
    {
      "x": 0.565029659990237,
      "y": 0.6214586869592614
    },
    {
      "x": 0.5463160464630696,
      "y": 0.6272209696028432
    },
    {
      "x": 0.5267065482044245,
      "y": 0.6276871595229317
    },
    {
      "x": 0.5073915724892719,
      "y": 0.6240731933348364
    },
    {
      "x": 0.4894742784749333,
      "y": 0.6162225773887785
    },
    {
      "x": 0.47426162673436384,
      "y": 0.6038356355980895
    },
    {
      "x": 0.4648205938651462,
      "y": 0.5867988412055504
    },
    {
      "x": 0.46090182928047285,
      "y": 0.5675818698746904
    },
    {
      "x": 0.4604505262103516,
      "y": 0.5479346356497704
    },
    {
      "x": 0.46149899005310463,
      "y": 0.5283029830075741
    },
    {
      "x": 0.4633266263196874,
      "y": 0.5087264905187968
    },
    {
      "x": 0.46548535684108855,
      "y": 0.489183071700383
    },
    {
      "x": 0.467704621873702,
      "y": 0.4696470576949145
    },
    {
      "x": 0.47177137646748946,
      "y": 0.4504217824561602
    },
    {
      "x": 0.4722557530800928,
      "y": 0.4308715310394001
    },
    {
      "x": 0.4606836431553741,
      "y": 0.4153784982416212
    },
    {
      "x": 0.4431931116323919,
      "y": 0.4064916428354151
    },
    {
      "x": 0.42466297384549573,
      "y": 0.3999247858543091
    },
    {
      "x": 0.40588346203543846,
      "y": 0.39410084938162115
    },
    {
      "x": 0.3870809677914939,
      "y": 0.38836274587402886
    },
    {
      "x": 0.36833718421412237,
      "y": 0.3826556725467262
    },
    {
      "x": 0.3487358946644486,
      "y": 0.38179450142821963
    },
    {
      "x": 0.3307994960993545,
      "y": 0.3747654203772544
    },
    {
      "x": 0.31886239679064715,
      "y": 0.3591662350677188
    },
    {
      "x": 0.3079146758414582,
      "y": 0.34283764244469295
    },
    {
      "x": 0.29642006404185084,
      "y": 0.32688540889767614
    },
    {
      "x": 0.28501087960536664,
      "y": 0.31087218174379555
    },
    {
      "x": 0.2739567844936916,
      "y": 0.29461182390252855
    },
    {
      "x": 0.26344163178597163,
      "y": 0.27799918966682297
    },
    {
      "x": 0.2539113930425427,
      "y": 0.2608055951007562
    },
    {
      "x": 0.24639502220827403,
      "y": 0.24268509792407714
    },
    {
      "x": 0.24780585182392084,
      "y": 0.22331207342537543
    },
    {
      "x": 0.2612896176476657,
      "y": 0.20936882439818422
    },
    {
      "x": 0.27912669744221763,
      "y": 0.2012218808785607
    },
    {
      "x": 0.29780690664753173,
      "y": 0.19509192053556773
    },
    {
      "x": 0.31663413764486475,
      "y": 0.18942480385363625
    },
    {
      "x": 0.33460876880126705,
      "y": 0.18162900237495955
    },
    {
      "x": 0.34675815737709914,
      "y": 0.16688145762726858
    },
    {
      "x": 0.3473657081863843,
      "y": 0.14756762521855507
    },
    {
      "x": 0.3456177343451646,
      "y": 0.12822130861045564
    },
    {
      "x": 0.3509238412424589,
      "y": 0.10938925290085644
    },
    {
      "x": 0.36042250722752406,
      "y": 0.09218540871583213
    },
    {
      "x": 0.37184297917709674,
      "y": 0.07619607849794258
    },
    {
      "x": 0.3842629191820379,
      "y": 0.06095359767328234
    },
    {
      "x": 0.39684340405591423,
      "y": 0.045842688229673606
    },
    {
      "x": 0.4096233650825611,
      "y": 0.03090041862401873
    },
    {
      "x": 0.4219918032204966,
      "y": 0.015616167975504813
    },
    {
      "x": 0.43493652467388394,
      "y": 0.0008718416846541799
    },
    {
      "x": 0.4510014028449943,
      "y": -0.010329385713572413
    },
    {
      "x": 0.4700126676687854,
      "y": -0.014246334781487733
    },
    {
      "x": 0.4886174617562051,
      "y": -0.008365919806080447
    },
    {
      "x": 0.504601747947642,
      "y": 0.0030618923481973634
    },
    {
      "x": 0.5193647398345275,
      "y": 0.016046642257470867
    },
    {
      "x": 0.5337725897731623,
      "y": 0.029426293293907547
    },
    {
      "x": 0.5479549675089708,
      "y": 0.043044719769601454
    },
    {
      "x": 0.5619695094939864,
      "y": 0.056835978463058316
    },
    {
      "x": 0.575842700572882,
      "y": 0.07076943347786245
    },
    {
      "x": 0.5896008037121572,
      "y": 0.08481657471422882
    },
    {
      "x": 0.6032472213855941,
      "y": 0.09897221815868991
    },
    {
      "x": 0.6167899984816807,
      "y": 0.11322705194384675
    },
    {
      "x": 0.6302244063672751,
      "y": 0.12758408119218198
    },
    {
      "x": 0.6435495548692821,
      "y": 0.1420425313691994
    },
    {
      "x": 0.6567416981317868,
      "y": 0.15662245195103444
    },
    {
      "x": 0.6697706018430211,
      "y": 0.17134830604440546
    },
    {
      "x": 0.6825279208838955,
      "y": 0.1863096556856308
    },
    {
      "x": 0.6949626540568999,
      "y": 0.20154039991781825
    },
    {
      "x": 0.7070297755127857,
      "y": 0.21706108502645768
    },
    {
      "x": 0.7173138868408463,
      "y": 0.23369850446340878
    },
    {
      "x": 0.7208991957608709,
      "y": 0.2527486000836997
    }
  ]
}